Relationship,,Covered,Covered,Covered,Covered,Covered,Covered,Unambiguous,Unambiguous,Unambiguous,Unambiguous,Unambiguous,Unambiguous,Matched,Matched,Matched,Matched,Matched,Matched,Mutated,Mutated,Mutated,Mutated,Mutated,Mutated,Subbed,Subbed,Subbed,Subbed,Subbed,Subbed,Subbed-A,Subbed-A,Subbed-A,Subbed-A,Subbed-A,Subbed-A,Subbed-C,Subbed-C,Subbed-C,Subbed-C,Subbed-C,Subbed-C,Subbed-G,Subbed-G,Subbed-G,Subbed-G,Subbed-G,Subbed-G,Subbed-T,Subbed-T,Subbed-T,Subbed-T,Subbed-T,Subbed-T,Deleted,Deleted,Deleted,Deleted,Deleted,Deleted,Inserted,Inserted,Inserted,Inserted,Inserted,Inserted
Order,,1,2,2,3,3,3,1,2,2,3,3,3,1,2,2,3,3,3,1,2,2,3,3,3,1,2,2,3,3,3,1,2,2,3,3,3,1,2,2,3,3,3,1,2,2,3,3,3,1,2,2,3,3,3,1,2,2,3,3,3,1,2,2,3,3,3
Cluster,,1,1,2,1,2,3,1,1,2,1,2,3,1,1,2,1,2,3,1,1,2,1,2,3,1,1,2,1,2,3,1,1,2,1,2,3,1,1,2,1,2,3,1,1,2,1,2,3,1,1,2,1,2,3,1,1,2,1,2,3,1,1,2,1,2,3
Position,Base,,,,,,,,,,,,,,,,,,,,,,,,,,,,,,,,,,,,,,,,,,,,,,,,,,,,,,,,,,,,,,,,,,
1,C,13959.2,9756.8,4324.8,4325.6,8011.6,1729.8,13448.5,9408.4,4157.8,4157.9,7729.8,1664.4,12948.5,9075.2,3986.3,3987.1,7452.2,1608.6,500.0,333.2,171.5,170.7,277.6,55.7,500.0,333.2,171.5,170.7,277.6,55.7,335.1,225.5,112.7,111.8,186.7,39.3,0.0,0.0,0.0,0.0,0.0,0.0,38.8,26.5,12.7,12.8,21.3,5.0,126.1,81.2,46.1,46.1,69.6,11.5,0.0,0.0,0.0,0.0,0.0,0.0,0.0,0.0,0.0,0.0,0.0,0.0
2,G,,,,,,,,,,,,,,,,,,,,,,,,,,,,,,,,,,,,,,,,,,,,,,,,,,,,,,,,,,,,,,,,,,
3,G,,,,,,,,,,,,,,,,,,,,,,,,,,,,,,,,,,,,,,,,,,,,,,,,,,,,,,,,,,,,,,,,,,
4,T,,,,,,,,,,,,,,,,,,,,,,,,,,,,,,,,,,,,,,,,,,,,,,,,,,,,,,,,,,,,,,,,,,
5,G,,,,,,,,,,,,,,,,,,,,,,,,,,,,,,,,,,,,,,,,,,,,,,,,,,,,,,,,,,,,,,,,,,
6,A,13959.2,9756.8,4324.8,4325.6,8011.6,1729.8,13232.9,9186.0,4164.2,4166.8,7575.2,1593.7,12980.6,8953.6,4140.7,4142.1,7367.6,1569.7,252.4,232.4,23.6,24.7,207.7,24.0,252.4,232.4,23.6,24.7,207.7,24.0,0.0,0.0,0.0,0.0,0.0,0.0,15.7,6.2,9.5,10.3,5.2,0.3,160.4,155.2,7.7,8.1,138.3,16.7,76.3,71.0,6.4,6.3,64.2,7.0,0.0,0.0,0.0,0.0,0.0,0.0,0.0,0.0,0.0,0.0,0.0,0.0
7,C,13959.2,9756.8,4324.8,4325.6,8011.6,1729.8,13452.8,9383.6,4187.5,4188.7,7697.0,1671.5,13053.4,8988.1,4179.5,4177.6,7305.1,1671.5,399.4,395.5,7.9,11.1,391.9,0.0,399.4,395.5,7.9,11.1,391.9,0.0,33.3,32.9,0.7,2.0,31.6,0.0,0.0,0.0,0.0,0.0,0.0,0.0,345.0,344.4,4.1,5.0,343.2,0.0,21.1,18.2,3.1,4.0,17.2,0.0,0.0,0.0,0.0,0.0,0.0,0.0,0.0,0.0,0.0,0.0,0.0,0.0
8,T,,,,,,,,,,,,,,,,,,,,,,,,,,,,,,,,,,,,,,,,,,,,,,,,,,,,,,,,,,,,,,,,,,
9,A,13959.2,9756.8,4324.8,4325.6,8011.6,1729.8,13500.2,9430.5,4188.2,4191.1,7743.8,1669.6,13350.6,9307.6,4159.3,4161.8,7628.5,1661.8,149.6,122.8,28.9,29.3,115.4,7.8,149.6,122.8,28.9,29.3,115.4,7.8,0.0,0.0,0.0,0.0,0.0,0.0,42.6,33.1,10.0,10.0,29.1,4.1,10.4,8.2,2.3,2.4,7.8,0.4,96.7,81.6,16.6,16.9,78.4,3.4,0.0,0.0,0.0,0.0,0.0,0.0,0.0,0.0,0.0,0.0,0.0,0.0
10,G,,,,,,,,,,,,,,,,,,,,,,,,,,,,,,,,,,,,,,,,,,,,,,,,,,,,,,,,,,,,,,,,,,
11,C,13959.2,9756.8,4324.8,4325.6,8011.6,1729.8,13664.0,9517.7,4266.7,4267.9,7821.5,1680.6,13411.8,9321.4,4207.8,4208.4,7628.4,1679.4,252.1,196.3,58.9,59.5,193.2,1.2,252.1,196.3,58.9,59.5,193.2,1.2,191.4,156.5,37.6,37.7,154.4,0.9,0.0,0.0,0.0,0.0,0.0,0.0,39.0,18.8,20.1,20.2,18.5,0.1,21.8,21.0,1.2,1.6,20.3,0.2,0.0,0.0,0.0,0.0,0.0,0.0,0.0,0.0,0.0,0.0,0.0,0.0
12,T,,,,,,,,,,,,,,,,,,,,,,,,,,,,,,,,,,,,,,,,,,,,,,,,,,,,,,,,,,,,,,,,,,
13,A,13959.2,9756.8,4324.8,4325.6,8011.6,1729.8,13670.5,9545.8,4244.7,4246.2,7828.0,1702.2,12948.9,8885.3,4198.7,4201.7,7313.5,1555.6,721.5,660.5,46.0,44.5,514.5,146.6,721.5,660.5,46.0,44.5,514.5,146.6,0.0,0.0,0.0,0.0,0.0,0.0,38.8,34.0,4.1,4.1,28.3,5.7,343.1,320.5,14.6,13.4,241.1,80.1,339.7,305.9,27.3,27.1,245.0,60.8,0.0,0.0,0.0,0.0,0.0,0.0,0.0,0.0,0.0,0.0,0.0,0.0
14,T,,,,,,,,,,,,,,,,,,,,,,,,,,,,,,,,,,,,,,,,,,,,,,,,,,,,,,,,,,,,,,,,,,
15,G,,,,,,,,,,,,,,,,,,,,,,,,,,,,,,,,,,,,,,,,,,,,,,,,,,,,,,,,,,,,,,,,,,
16,A,13959.2,9756.8,4324.8,4325.6,8011.6,1729.8,13488.3,9413.3,4193.5,4195.5,7732.0,1665.2,12940.1,9357.8,3713.0,3715.8,7690.0,1651.7,548.2,55.5,480.6,479.7,42.0,13.5,548.2,55.5,480.6,479.7,42.0,13.5,0.0,0.0,0.0,0.0,0.0,0.0,241.2,28.9,207.2,206.6,22.0,7.1,8.1,1.3,6.7,6.6,1.1,0.1,298.9,25.3,266.7,266.5,18.8,6.3,0.0,0.0,0.0,0.0,0.0,0.0,0.0,0.0,0.0,0.0,0.0,0.0
17,C,13959.2,9756.8,4324.8,4325.6,8011.6,1729.8,13692.0,9601.2,4210.2,4210.5,7875.7,1711.1,13645.4,9567.1,4197.5,4197.8,7849.4,1703.2,46.6,34.1,12.7,12.7,26.2,7.9,46.6,34.1,12.7,12.7,26.2,7.9,33.0,25.7,7.2,7.2,19.1,6.7,0.0,0.0,0.0,0.0,0.0,0.0,13.6,8.4,5.5,5.5,7.2,1.2,0.0,0.0,0.0,0.0,0.0,0.0,0.0,0.0,0.0,0.0,0.0,0.0,0.0,0.0,0.0,0.0,0.0,0.0
18,C,13959.2,9756.8,4324.8,4325.6,8011.6,1729.8,13357.9,9300.9,4174.9,4177.0,7653.8,1630.7,13156.7,9128.9,4147.1,4151.2,7547.4,1564.1,201.3,171.9,27.8,25.8,106.4,66.6,201.3,171.9,27.8,25.8,106.4,66.6,78.2,69.2,8.2,7.5,43.2,26.4,0.0,0.0,0.0,0.0,0.0,0.0,111.6,96.9,13.6,12.3,58.7,39.0,11.5,5.8,6.0,6.0,4.5,1.3,0.0,0.0,0.0,0.0,0.0,0.0,0.0,0.0,0.0,0.0,0.0,0.0
19,T,,,,,,,,,,,,,,,,,,,,,,,,,,,,,,,,,,,,,,,,,,,,,,,,,,,,,,,,,,,,,,,,,,
20,T,,,,,,,,,,,,,,,,,,,,,,,,,,,,,,,,,,,,,,,,,,,,,,,,,,,,,,,,,,,,,,,,,,
21,C,13959.2,9756.8,4324.8,4325.6,8011.6,1729.8,13553.0,9493.3,4178.0,4179.4,7800.0,1677.9,13234.9,9178.2,4173.4,4175.2,7486.3,1677.9,318.1,315.2,4.6,4.1,313.7,0.0,318.1,315.2,4.6,4.1,313.7,0.0,271.4,268.5,4.4,4.0,267.2,0.0,0.0,0.0,0.0,0.0,0.0,0.0,36.7,36.7,0.2,0.1,36.5,0.0,10.0,10.0,0.0,0.0,10.0,0.0,0.0,0.0,0.0,0.0,0.0,0.0,0.0,0.0,0.0,0.0,0.0,0.0
22,A,13959.2,9756.8,4324.8,4325.6,8011.6,1729.8,13545.4,9452.7,4211.8,4213.1,7753.4,1684.0,13305.1,9294.7,4127.4,4128.7,7601.9,1677.4,240.4,158.0,84.4,84.4,151.5,6.6,240.4,158.0,84.4,84.4,151.5,6.6,0.0,0.0,0.0,0.0,0.0,0.0,41.9,22.5,19.7,19.8,20.9,1.5,22.1,9.9,12.3,12.6,8.7,0.8,176.4,125.6,52.4,52.0,121.9,4.3,0.0,0.0,0.0,0.0,0.0,0.0,0.0,0.0,0.0,0.0,0.0,0.0
23,T,,,,,,,,,,,,,,,,,,,,,,,,,,,,,,,,,,,,,,,,,,,,,,,,,,,,,,,,,,,,,,,,,,
24,T,,,,,,,,,,,,,,,,,,,,,,,,,,,,,,,,,,,,,,,,,,,,,,,,,,,,,,,,,,,,,,,,,,
25,T,,,,,,,,,,,,,,,,,,,,,,,,,,,,,,,,,,,,,,,,,,,,,,,,,,,,,,,,,,,,,,,,,,
26,C,13959.2,9756.8,4324.8,4325.6,8011.6,1729.8,13693.1,9599.5,4213.1,4213.5,7884.5,1700.2,13608.3,9514.3,4213.1,4213.5,7801.8,1698.1,84.8,85.2,0.0,0.0,82.8,2.1,84.8,85.2,0.0,0.0,82.8,2.1,62.0,62.2,0.0,0.0,60.3,1.7,0.0,0.0,0.0,0.0,0.0,0.0,4.3,4.4,0.0,0.0,4.3,0.0,18.5,18.6,0.0,0.0,18.2,0.3,0.0,0.0,0.0,0.0,0.0,0.0,0.0,0.0,0.0,0.0,0.0,0.0
27,A,13959.2,9756.8,4324.8,4325.6,8011.6,1729.8,13518.5,9441.9,4195.3,4197.2,7760.8,1665.0,13430.5,9362.5,4186.0,4187.6,7695.6,1651.2,88.0,79.4,9.2,9.5,65.2,13.7,88.0,79.4,9.2,9.5,65.2,13.7,0.0,0.0,0.0,0.0,0.0,0.0,19.6,17.6,2.1,2.3,13.0,4.4,15.2,12.7,2.6,2.7,9.6,3.1,53.2,49.0,4.6,4.6,42.7,6.2,0.0,0.0,0.0,0.0,0.0,0.0,0.0,0.0,0.0,0.0,0.0,0.0
28,C,13959.2,9756.8,4324.8,4325.6,8011.6,1729.8,13482.9,9411.3,4190.1,4192.4,7741.4,1653.3,13452.4,9390.5,4180.0,4182.2,7722.3,1651.7,30.6,20.8,10.1,10.1,19.0,1.6,30.6,20.8,10.1,10.1,19.0,1.6,0.0,0.0,0.0,0.0,0.0,0.0,0.0,0.0,0.0,0.0,0.0,0.0,9.8,2.6,7.4,7.4,2.3,0.2,20.7,18.2,2.7,2.8,16.7,1.4,0.0,0.0,0.0,0.0,0.0,0.0,0.0,0.0,0.0,0.0,0.0,0.0
29,G,,,,,,,,,,,,,,,,,,,,,,,,,,,,,,,,,,,,,,,,,,,,,,,,,,,,,,,,,,,,,,,,,,
30,T,,,,,,,,,,,,,,,,,,,,,,,,,,,,,,,,,,,,,,,,,,,,,,,,,,,,,,,,,,,,,,,,,,
31,T,,,,,,,,,,,,,,,,,,,,,,,,,,,,,,,,,,,,,,,,,,,,,,,,,,,,,,,,,,,,,,,,,,
32,G,,,,,,,,,,,,,,,,,,,,,,,,,,,,,,,,,,,,,,,,,,,,,,,,,,,,,,,,,,,,,,,,,,
33,G,,,,,,,,,,,,,,,,,,,,,,,,,,,,,,,,,,,,,,,,,,,,,,,,,,,,,,,,,,,,,,,,,,
34,A,13959.2,9756.8,4324.8,4325.6,8011.6,1729.8,13474.3,9418.7,4173.7,4173.0,7730.3,1675.2,13239.0,9391.3,3945.2,3943.7,7708.5,1670.8,235.3,27.4,228.5,229.3,21.8,4.4,235.3,27.4,228.5,229.3,21.8,4.4,0.0,0.0,0.0,0.0,0.0,0.0,72.1,10.4,67.7,67.8,9.6,0.5,30.4,0.8,32.6,32.7,0.6,0.1,132.8,16.3,128.1,128.8,11.6,3.8,0.0,0.0,0.0,0.0,0.0,0.0,0.0,0.0,0.0,0.0,0.0,0.0
35,T,,,,,,,,,,,,,,,,,,,,,,,,,,,,,,,,,,,,,,,,,,,,,,,,,,,,,,,,,,,,,,,,,,
36,A,13959.2,9756.8,4324.8,4325.6,8011.6,1729.8,13561.6,9466.6,4214.2,4215.3,7773.1,1678.2,13212.3,9420.6,3884.5,3887.6,7741.4,1662.2,349.3,45.9,329.7,327.7,31.7,16.1,349.3,45.9,329.7,327.7,31.7,16.1,0.0,0.0,0.0,0.0,0.0,0.0,181.5,15.6,180.5,180.0,10.4,5.6,10.2,3.7,7.0,6.9,2.5,1.3,157.6,26.6,142.3,140.7,18.8,9.2,0.0,0.0,0.0,0.0,0.0,0.0,0.0,0.0,0.0,0.0,0.0,0.0
37,A,13959.2,9756.8,4324.8,4325.6,8011.6,1729.8,13738.3,9644.9,4213.0,4214.7,7937.8,1690.8,13471.2,9566.8,4004.7,4008.1,7873.6,1675.8,267.1,78.1,208.2,206.6,64.2,15.0,267.1,78.1,208.2,206.6,64.2,15.0,0.0,0.0,0.0,0.0,0.0,0.0,44.5,12.1,35.8,34.8,9.1,3.9,127.8,27.0,111.7,111.3,22.9,4.2,94.7,39.0,60.8,60.5,32.2,6.9,0.0,0.0,0.0,0.0,0.0,0.0,0.0,0.0,0.0,0.0,0.0,0.0
38,A,13959.2,9756.8,4324.8,4325.6,8011.6,1729.8,13560.5,9455.1,4224.7,4224.8,7753.3,1687.8,13347.8,9326.0,4136.6,4138.1,7732.0,1576.8,212.8,129.2,88.1,86.7,21.3,111.1,212.8,129.2,88.1,86.7,21.3,111.1,0.0,0.0,0.0,0.0,0.0,0.0,85.6,58.4,28.1,26.5,10.8,49.9,1.1,1.1,0.0,0.1,0.7,0.3,126.1,69.7,60.0,60.1,9.8,60.9,0.0,0.0,0.0,0.0,0.0,0.0,0.0,0.0,0.0,0.0,0.0,0.0
39,T,,,,,,,,,,,,,,,,,,,,,,,,,,,,,,,,,,,,,,,,,,,,,,,,,,,,,,,,,,,,,,,,,,
40,G,,,,,,,,,,,,,,,,,,,,,,,,,,,,,,,,,,,,,,,,,,,,,,,,,,,,,,,,,,,,,,,,,,
41,T,,,,,,,,,,,,,,,,,,,,,,,,,,,,,,,,,,,,,,,,,,,,,,,,,,,,,,,,,,,,,,,,,,
42,C,13959.2,9756.8,4324.8,4325.6,8011.6,1729.8,13493.7,9431.5,4180.5,4181.9,7751.9,1664.0,13472.1,9413.2,4177.0,4178.7,7734.8,1662.5,21.6,18.3,3.4,3.1,17.1,1.5,21.6,18.3,3.4,3.1,17.1,1.5,10.8,9.1,1.8,1.6,9.0,0.2,0.0,0.0,0.0,0.0,0.0,0.0,8.7,7.4,1.3,1.3,6.2,1.2,2.2,1.9,0.3,0.3,1.9,0.0,0.0,0.0,0.0,0.0,0.0,0.0,0.0,0.0,0.0,0.0,0.0,0.0
43,C,13959.2,9756.8,4324.8,4325.6,8011.6,1729.8,13392.4,9343.2,4167.0,4167.7,7683.9,1644.3,13370.8,9329.5,4158.8,4159.6,7675.2,1639.3,21.6,13.7,8.2,8.1,8.7,5.1,21.6,13.7,8.2,8.1,8.7,5.1,9.7,6.0,3.9,3.7,4.8,1.4,0.0,0.0,0.0,0.0,0.0,0.0,10.8,6.6,4.3,4.4,2.9,3.7,1.1,1.1,0.0,0.0,1.1,0.0,0.0,0.0,0.0,0.0,0.0,0.0,0.0,0.0,0.0,0.0,0.0,0.0
44,C,13959.2,9756.8,4324.8,4325.6,8011.6,1729.8,13614.4,9518.6,4215.1,4215.4,7825.2,1678.8,13589.6,9499.5,4209.2,4209.8,7806.8,1677.8,24.9,19.1,6.0,5.6,18.4,0.9,24.9,19.1,6.0,5.6,18.4,0.9,3.2,3.0,0.3,0.3,2.8,0.2,0.0,0.0,0.0,0.0,0.0,0.0,10.8,8.3,2.6,2.4,8.0,0.4,10.8,7.9,3.0,2.9,7.7,0.3,0.0,0.0,0.0,0.0,0.0,0.0,0.0,0.0,0.0,0.0,0.0,0.0
45,T,,,,,,,,,,,,,,,,,,,,,,,,,,,,,,,,,,,,,,,,,,,,,,,,,,,,,,,,,,,,,,,,,,
46,T,,,,,,,,,,,,,,,,,,,,,,,,,,,,,,,,,,,,,,,,,,,,,,,,,,,,,,,,,,,,,,,,,,
47,T,,,,,,,,,,,,,,,,,,,,,,,,,,,,,,,,,,,,,,,,,,,,,,,,,,,,,,,,,,,,,,,,,,
48,A,13959.2,9756.8,4324.8,4325.6,8011.6,1729.8,13134.9,9188.4,4061.5,4063.4,7540.6,1632.3,12311.6,8632.2,3786.8,3784.9,7002.3,1620.6,823.3,556.2,274.7,278.5,538.2,11.6,823.3,556.2,274.7,278.5,538.2,11.6,0.0,0.0,0.0,0.0,0.0,0.0,404.1,271.3,136.6,137.8,265.0,3.8,169.2,116.6,54.1,55.5,111.3,3.4,250.0,168.3,84.0,85.3,161.9,4.4,0.0,0.0,0.0,0.0,0.0,0.0,0.0,0.0,0.0,0.0,0.0,0.0
49,T,,,,,,,,,,,,,,,,,,,,,,,,,,,,,,,,,,,,,,,,,,,,,,,,,,,,,,,,,,,,,,,,,,
50,T,,,,,,,,,,,,,,,,,,,,,,,,,,,,,,,,,,,,,,,,,,,,,,,,,,,,,,,,,,,,,,,,,,
51,T,,,,,,,,,,,,,,,,,,,,,,,,,,,,,,,,,,,,,,,,,,,,,,,,,,,,,,,,,,,,,,,,,,
52,T,,,,,,,,,,,,,,,,,,,,,,,,,,,,,,,,,,,,,,,,,,,,,,,,,,,,,,,,,,,,,,,,,,
53,T,,,,,,,,,,,,,,,,,,,,,,,,,,,,,,,,,,,,,,,,,,,,,,,,,,,,,,,,,,,,,,,,,,
54,A,13959.2,9756.8,4324.8,4325.6,8011.6,1729.8,13558.4,9483.3,4193.7,4193.1,7765.7,1704.6,13429.2,9376.9,4170.5,4167.5,7739.9,1627.8,129.1,106.5,23.2,25.6,25.9,76.7,129.1,106.5,23.2,25.6,25.9,76.7,0.0,0.0,0.0,0.0,0.0,0.0,18.0,13.1,5.0,5.3,5.1,7.5,3.4,3.3,0.0,0.1,1.3,2.0,107.8,90.0,18.2,20.2,19.5,67.2,0.0,0.0,0.0,0.0,0.0,0.0,0.0,0.0,0.0,0.0,0.0,0.0
55,G,,,,,,,,,,,,,,,,,,,,,,,,,,,,,,,,,,,,,,,,,,,,,,,,,,,,,,,,,,,,,,,,,,
56,C,13959.2,9756.8,4324.8,4325.6,8011.6,1729.8,13614.4,9503.5,4230.5,4232.4,7810.4,1676.9,13042.7,9140.5,4017.8,4017.2,7452.6,1676.7,571.7,363.0,212.7,215.2,357.8,0.2,571.7,363.0,212.7,215.2,357.8,0.2,66.1,38.7,27.8,28.4,37.7,0.1,0.0,0.0,0.0,0.0,0.0,0.0,261.2,158.8,104.0,104.1,157.5,0.1,244.4,165.5,80.9,82.6,162.5,0.0,0.0,0.0,0.0,0.0,0.0,0.0,0.0,0.0,0.0,0.0,0.0,0.0
57,G,,,,,,,,,,,,,,,,,,,,,,,,,,,,,,,,,,,,,,,,,,,,,,,,,,,,,,,,,,,,,,,,,,
58,G,,,,,,,,,,,,,,,,,,,,,,,,,,,,,,,,,,,,,,,,,,,,,,,,,,,,,,,,,,,,,,,,,,
59,C,13959.2,9756.8,4324.8,4325.6,8011.6,1729.8,13542.2,9470.7,4190.2,4192.3,7779.9,1674.4,13113.7,9047.3,4183.5,4183.9,7394.0,1642.6,428.6,423.3,6.7,8.4,385.9,31.8,428.6,423.3,6.7,8.4,385.9,31.8,120.0,119.6,0.8,1.0,107.2,11.3,0.0,0.0,0.0,0.0,0.0,0.0,194.3,192.4,2.5,3.0,177.7,12.2,114.3,111.3,3.4,4.4,101.0,8.3,0.0,0.0,0.0,0.0,0.0,0.0,0.0,0.0,0.0,0.0,0.0,0.0
60,C,13959.2,9756.8,4324.8,4325.6,8011.6,1729.8,13605.8,9503.3,4221.9,4224.0,7803.3,1683.7,13359.4,9280.5,4194.6,4208.7,7787.1,1469.0,246.4,222.8,27.3,15.3,16.3,214.7,246.4,222.8,27.3,15.3,16.3,214.7,60.5,52.5,8.8,7.1,2.4,50.8,0.0,0.0,0.0,0.0,0.0,0.0,65.0,57.9,8.0,4.0,4.6,56.4,121.0,112.4,10.5,4.3,9.2,107.5,0.0,0.0,0.0,0.0,0.0,0.0,0.0,0.0,0.0,0.0,0.0,0.0
61,G,,,,,,,,,,,,,,,,,,,,,,,,,,,,,,,,,,,,,,,,,,,,,,,,,,,,,,,,,,,,,,,,,,
62,T,,,,,,,,,,,,,,,,,,,,,,,,,,,,,,,,,,,,,,,,,,,,,,,,,,,,,,,,,,,,,,,,,,
63,C,13959.2,9756.8,4324.8,4325.6,8011.6,1729.8,13536.8,9512.5,4142.0,4141.7,7817.2,1681.4,13421.7,9404.6,4133.8,4133.6,7716.8,1675.7,115.2,107.9,8.1,8.1,100.4,5.7,115.2,107.9,8.1,8.1,100.4,5.7,91.0,87.3,4.5,4.5,81.4,4.2,0.0,0.0,0.0,0.0,0.0,0.0,2.2,1.1,1.1,1.1,0.1,1.2,21.9,19.5,2.6,2.5,18.8,0.3,0.0,0.0,0.0,0.0,0.0,0.0,0.0,0.0,0.0,0.0,0.0,0.0
64,G,,,,,,,,,,,,,,,,,,,,,,,,,,,,,,,,,,,,,,,,,,,,,,,,,,,,,,,,,,,,,,,,,,
65,T,,,,,,,,,,,,,,,,,,,,,,,,,,,,,,,,,,,,,,,,,,,,,,,,,,,,,,,,,,,,,,,,,,
66,G,,,,,,,,,,,,,,,,,,,,,,,,,,,,,,,,,,,,,,,,,,,,,,,,,,,,,,,,,,,,,,,,,,
67,T,,,,,,,,,,,,,,,,,,,,,,,,,,,,,,,,,,,,,,,,,,,,,,,,,,,,,,,,,,,,,,,,,,
68,G,,,,,,,,,,,,,,,,,,,,,,,,,,,,,,,,,,,,,,,,,,,,,,,,,,,,,,,,,,,,,,,,,,
69,A,13959.2,9756.8,4324.8,4325.6,8011.6,1729.8,13533.6,9462.9,4189.3,4188.5,7767.2,1682.5,13126.1,9090.7,4156.8,4154.4,7425.7,1656.1,407.4,372.2,32.5,34.0,341.5,26.4,407.4,372.2,32.5,34.0,341.5,26.4,0.0,0.0,0.0,0.0,0.0,0.0,17.9,10.0,8.2,8.4,8.0,1.8,26.9,20.8,6.1,6.5,14.2,6.5,362.7,341.4,18.1,19.1,319.3,18.1,0.0,0.0,0.0,0.0,0.0,0.0,0.0,0.0,0.0,0.0,0.0,0.0
70,A,13959.2,9756.8,4324.8,4325.6,8011.6,1729.8,13376.3,9387.2,4105.5,4105.3,7705.8,1667.8,12986.3,9273.2,3829.2,3828.7,7600.1,1660.7,389.9,114.1,276.4,276.5,105.7,7.1,389.9,114.1,276.4,276.5,105.7,7.1,0.0,0.0,0.0,0.0,0.0,0.0,168.1,29.4,138.5,138.3,27.4,1.9,56.0,23.8,32.5,32.2,22.9,1.0,165.8,60.9,105.3,106.1,55.4,4.2,0.0,0.0,0.0,0.0,0.0,0.0,0.0,0.0,0.0,0.0,0.0,0.0
71,G,,,,,,,,,,,,,,,,,,,,,,,,,,,,,,,,,,,,,,,,,,,,,,,,,,,,,,,,,,,,,,,,,,
72,A,13959.2,9756.8,4324.8,4325.6,8011.6,1729.8,13479.7,9441.9,4155.6,4154.4,7759.3,1669.6,13347.0,9330.6,4133.9,4132.9,7742.9,1576.1,132.7,111.3,21.7,21.5,16.3,93.6,132.7,111.3,21.7,21.5,16.3,93.6,0.0,0.0,0.0,0.0,0.0,0.0,10.3,8.7,1.6,1.8,2.2,6.2,24.0,20.2,3.9,3.7,2.3,17.7,98.4,82.4,16.3,16.0,11.8,69.6,0.0,0.0,0.0,0.0,0.0,0.0,0.0,0.0,0.0,0.0,0.0,0.0
73,G,,,,,,,,,,,,,,,,,,,,,,,,,,,,,,,,,,,,,,,,,,,,,,,,,,,,,,,,,,,,,,,,,,
74,G,,,,,,,,,,,,,,,,,,,,,,,,,,,,,,,,,,,,,,,,,,,,,,,,,,,,,,,,,,,,,,,,,,
75,C,13959.2,9756.8,4324.8,4325.6,8011.6,1729.8,13458.2,9401.0,4175.3,4176.6,7719.1,1666.4,13439.5,9393.2,4164.2,4166.1,7712.3,1665.0,18.7,7.8,11.1,10.6,6.9,1.4,18.7,7.8,11.1,10.6,6.9,1.4,5.5,3.2,2.3,1.9,2.4,1.3,0.0,0.0,0.0,0.0,0.0,0.0,12.1,4.5,7.7,7.6,4.4,0.1,1.1,0.0,1.1,1.1,0.0,0.0,0.0,0.0,0.0,0.0,0.0,0.0,0.0,0.0,0.0,0.0,0.0,0.0
76,A,13959.2,9756.8,4324.8,4325.6,8011.6,1729.8,13563.8,9476.3,4206.4,4205.6,7775.4,1687.8,13505.1,9426.0,4197.7,4196.7,7732.2,1680.9,58.7,50.3,8.7,8.9,43.2,6.8,58.7,50.3,8.7,8.9,43.2,6.8,0.0,0.0,0.0,0.0,0.0,0.0,25.0,22.7,2.4,2.6,18.5,4.0,3.3,3.1,0.2,0.2,3.0,0.0,30.4,24.6,6.1,6.1,21.7,2.8,0.0,0.0,0.0,0.0,0.0,0.0,0.0,0.0,0.0,0.0,0.0,0.0
77,C,13959.2,9756.8,4324.8,4325.6,8011.6,1729.8,13583.2,9531.3,4170.1,4169.8,7823.5,1694.1,13492.1,9442.4,4167.8,4168.0,7805.2,1621.9,91.0,89.0,2.4,1.8,18.3,72.2,91.0,89.0,2.4,1.8,18.3,72.2,11.9,11.8,0.2,0.1,5.3,6.6,0.0,0.0,0.0,0.0,0.0,0.0,58.5,56.9,1.8,1.4,6.4,51.6,20.6,20.2,0.4,0.3,6.5,14.1,0.0,0.0,0.0,0.0,0.0,0.0,0.0,0.0,0.0,0.0,0.0,0.0
78,T,,,,,,,,,,,,,,,,,,,,,,,,,,,,,,,,,,,,,,,,,,,,,,,,,,,,,,,,,,,,,,,,,,
79,G,,,,,,,,,,,,,,,,,,,,,,,,,,,,,,,,,,,,,,,,,,,,,,,,,,,,,,,,,,,,,,,,,,
80,G,,,,,,,,,,,,,,,,,,,,,,,,,,,,,,,,,,,,,,,,,,,,,,,,,,,,,,,,,,,,,,,,,,
81,T,,,,,,,,,,,,,,,,,,,,,,,,,,,,,,,,,,,,,,,,,,,,,,,,,,,,,,,,,,,,,,,,,,
82,T,,,,,,,,,,,,,,,,,,,,,,,,,,,,,,,,,,,,,,,,,,,,,,,,,,,,,,,,,,,,,,,,,,
83,C,13959.2,9756.8,4324.8,4325.6,8011.6,1729.8,13636.0,9500.0,4256.2,4257.5,7804.7,1679.6,13424.8,9471.3,4069.4,4071.5,7775.6,1679.6,211.2,28.7,186.8,185.9,29.1,0.0,211.2,28.7,186.8,185.9,29.1,0.0,22.6,12.5,10.4,10.0,12.8,0.0,0.0,0.0,0.0,0.0,0.0,0.0,103.4,7.3,98.3,97.9,7.6,0.0,85.1,8.9,78.0,78.0,8.7,0.0,0.0,0.0,0.0,0.0,0.0,0.0,0.0,0.0,0.0,0.0,0.0,0.0
84,T,,,,,,,,,,,,,,,,,,,,,,,,,,,,,,,,,,,,,,,,,,,,,,,,,,,,,,,,,,,,,,,,,,
85,T,,,,,,,,,,,,,,,,,,,,,,,,,,,,,,,,,,,,,,,,,,,,,,,,,,,,,,,,,,,,,,,,,,
86,T,,,,,,,,,,,,,,,,,,,,,,,,,,,,,,,,,,,,,,,,,,,,,,,,,,,,,,,,,,,,,,,,,,
87,G,,,,,,,,,,,,,,,,,,,,,,,,,,,,,,,,,,,,,,,,,,,,,,,,,,,,,,,,,,,,,,,,,,
88,G,,,,,,,,,,,,,,,,,,,,,,,,,,,,,,,,,,,,,,,,,,,,,,,,,,,,,,,,,,,,,,,,,,
89,G,,,,,,,,,,,,,,,,,,,,,,,,,,,,,,,,,,,,,,,,,,,,,,,,,,,,,,,,,,,,,,,,,,
90,A,13959.2,9756.8,4324.8,4325.6,8011.6,1729.8,13550.8,9450.1,4219.9,4220.1,7753.9,1682.1,13286.4,9315.3,4087.0,4090.6,7721.1,1575.4,264.4,134.8,132.9,129.5,32.8,106.7,264.4,134.8,132.9,129.5,32.8,106.7,0.0,0.0,0.0,0.0,0.0,0.0,100.4,35.6,66.3,67.3,14.0,20.8,100.4,59.8,41.6,39.3,13.7,49.1,63.7,39.4,25.0,22.9,5.1,36.8,0.0,0.0,0.0,0.0,0.0,0.0,0.0,0.0,0.0,0.0,0.0,0.0
91,T,,,,,,,,,,,,,,,,,,,,,,,,,,,,,,,,,,,,,,,,,,,,,,,,,,,,,,,,,,,,,,,,,,
92,T,,,,,,,,,,,,,,,,,,,,,,,,,,,,,,,,,,,,,,,,,,,,,,,,,,,,,,,,,,,,,,,,,,
93,C,13959.2,9756.8,4324.8,4325.6,8011.6,1729.8,13559.5,9498.2,4179.7,4181.0,7802.9,1679.8,13537.0,9480.1,4175.4,4176.2,7789.2,1675.8,22.5,18.1,4.3,4.8,13.7,4.0,22.5,18.1,4.3,4.8,13.7,4.0,2.3,2.2,0.0,0.1,1.9,0.3,0.0,0.0,0.0,0.0,0.0,0.0,11.3,7.5,3.9,4.3,4.4,2.8,9.0,8.5,0.3,0.4,7.5,0.9,0.0,0.0,0.0,0.0,0.0,0.0,0.0,0.0,0.0,0.0,0.0,0.0
94,G,,,,,,,,,,,,,,,,,,,,,,,,,,,,,,,,,,,,,,,,,,,,,,,,,,,,,,,,,,,,,,,,,,
95,T,,,,,,,,,,,,,,,,,,,,,,,,,,,,,,,,,,,,,,,,,,,,,,,,,,,,,,,,,,,,,,,,,,
96,A,13959.2,9756.8,4324.8,4325.6,8011.6,1729.8,13456.0,9437.2,4136.1,4136.6,7750.9,1671.7,13144.1,9398.0,3857.2,3858.6,7717.2,1665.8,311.9,39.2,279.0,278.0,33.8,5.9,311.9,39.2,279.0,278.0,33.8,5.9,0.0,0.0,0.0,0.0,0.0,0.0,97.1,10.8,88.3,87.5,8.9,2.5,82.0,9.4,74.3,74.2,8.7,0.7,132.8,19.0,116.4,116.3,16.1,2.7,0.0,0.0,0.0,0.0,0.0,0.0,0.0,0.0,0.0,0.0,0.0,0.0
97,G,,,,,,,,,,,,,,,,,,,,,,,,,,,,,,,,,,,,,,,,,,,,,,,,,,,,,,,,,,,,,,,,,,
98,G,,,,,,,,,,,,,,,,,,,,,,,,,,,,,,,,,,,,,,,,,,,,,,,,,,,,,,,,,,,,,,,,,,
99,G,,,,,,,,,,,,,,,,,,,,,,,,,,,,,,,,,,,,,,,,,,,,,,,,,,,,,,,,,,,,,,,,,,
100,C,13959.2,9756.8,4324.8,4325.6,8011.6,1729.8,13421.5,9474.6,4062.7,4063.4,7786.8,1673.0,13383.2,9465.7,4032.2,4032.4,7783.4,1668.4,38.3,8.9,30.4,31.1,3.4,4.6,38.3,8.9,30.4,31.1,3.4,4.6,6.0,0.6,5.6,5.8,0.3,0.1,0.0,0.0,0.0,0.0,0.0,0.0,9.6,2.6,7.2,7.7,1.3,0.9,22.7,5.7,17.7,17.6,1.9,3.6,0.0,0.0,0.0,0.0,0.0,0.0,0.0,0.0,0.0,0.0,0.0,0.0
101,C,13959.2,9756.8,4324.8,4325.6,8011.6,1729.8,13451.7,9406.4,4163.1,4163.0,7719.0,1673.6,13142.9,9229.9,4025.9,4025.5,7542.2,1673.5,308.8,176.5,137.3,137.5,176.8,0.0,308.8,176.5,137.3,137.5,176.8,0.0,23.8,15.6,8.5,8.2,15.9,0.0,0.0,0.0,0.0,0.0,0.0,0.0,9.5,6.2,3.5,3.6,6.0,0.0,275.4,154.7,125.3,125.7,154.8,0.0,0.0,0.0,0.0,0.0,0.0,0.0,0.0,0.0,0.0,0.0,0.0,0.0
102,A,13959.2,9756.8,4324.8,4325.6,8011.6,1729.8,13487.3,9447.0,4158.1,4158.8,7756.2,1676.0,12378.6,8696.4,3788.9,3786.3,7035.8,1653.5,1108.6,750.6,369.2,372.5,720.4,22.6,1108.6,750.6,369.2,372.5,720.4,22.6,0.0,0.0,0.0,0.0,0.0,0.0,822.0,553.9,276.5,278.1,535.0,14.0,106.4,86.8,19.8,20.1,84.5,1.5,180.3,109.9,73.0,74.3,100.9,7.1,0.0,0.0,0.0,0.0,0.0,0.0,0.0,0.0,0.0,0.0,0.0,0.0
103,T,,,,,,,,,,,,,,,,,,,,,,,,,,,,,,,,,,,,,,,,,,,,,,,,,,,,,,,,,,,,,,,,,,
104,A,13959.2,9756.8,4324.8,4325.6,8011.6,1729.8,13511.0,9391.3,4239.1,4241.1,7712.2,1663.0,13284.3,9311.5,4075.7,4086.3,7683.7,1608.4,226.7,79.8,163.5,154.9,28.5,54.6,226.7,79.8,163.5,154.9,28.5,54.6,0.0,0.0,0.0,0.0,0.0,0.0,65.1,26.0,43.3,44.1,15.2,9.6,12.5,3.6,10.0,9.7,0.6,3.0,149.0,50.2,110.1,101.0,12.7,42.1,0.0,0.0,0.0,0.0,0.0,0.0,0.0,0.0,0.0,0.0,0.0,0.0
105,T,,,,,,,,,,,,,,,,,,,,,,,,,,,,,,,,,,,,,,,,,,,,,,,,,,,,,,,,,,,,,,,,,,
106,G,,,,,,,,,,,,,,,,,,,,,,,,,,,,,,,,,,,,,,,,,,,,,,,,,,,,,,,,,,,,,,,,,,
107,A,13959.2,9756.8,4324.8,4325.6,8011.6,1729.8,13123.0,9154.0,4084.5,4084.0,7494.2,1646.9,12510.3,9093.3,3503.2,3504.7,7438.2,1642.9,612.7,60.6,581.3,579.3,56.0,4.0,612.7,60.6,581.3,579.3,56.0,4.0,0.0,0.0,0.0,0.0,0.0,0.0,35.4,10.0,26.7,26.6,9.3,0.5,259.0,17.9,254.0,252.5,17.5,0.7,318.3,32.8,300.6,300.2,29.2,2.8,0.0,0.0,0.0,0.0,0.0,0.0,0.0,0.0,0.0,0.0,0.0,0.0
108,C,13959.2,9756.8,4324.8,4325.6,8011.6,1729.8,12689.8,8705.0,4099.5,4098.5,7084.3,1609.5,12505.7,8547.4,4076.7,4076.6,6934.8,1601.7,184.2,157.6,22.7,21.8,149.5,7.8,184.2,157.6,22.7,21.8,149.5,7.8,3.5,1.9,1.8,2.0,1.5,0.2,0.0,0.0,0.0,0.0,0.0,0.0,177.1,153.0,20.1,19.1,146.5,6.4,3.5,2.7,0.9,0.8,1.6,1.2,0.0,0.0,0.0,0.0,0.0,0.0,0.0,0.0,0.0,0.0,0.0,0.0
109,T,,,,,,,,,,,,,,,,,,,,,,,,,,,,,,,,,,,,,,,,,,,,,,,,,,,,,,,,,,,,,,,,,,
110,A,13959.2,9756.8,4324.8,4325.6,8011.6,1729.8,13327.8,9312.7,4131.9,4133.2,7639.0,1658.7,12912.6,9127.0,3886.8,3888.6,7553.0,1562.2,415.2,185.7,245.1,244.6,86.0,96.5,415.2,185.7,245.1,244.6,86.0,96.5,0.0,0.0,0.0,0.0,0.0,0.0,81.4,54.5,27.9,23.2,16.7,40.6,47.2,36.2,11.1,11.3,19.5,16.0,286.6,95.0,206.2,210.2,49.8,39.9,0.0,0.0,0.0,0.0,0.0,0.0,0.0,0.0,0.0,0.0,0.0,0.0
111,A,13959.2,9756.8,4324.8,4325.6,8011.6,1729.8,13612.3,9548.4,4182.5,4183.7,7844.4,1688.5,13385.4,9326.7,4175.4,4176.9,7630.7,1681.7,226.9,221.7,7.1,6.7,213.8,6.8,226.9,221.7,7.1,6.7,213.8,6.8,0.0,0.0,0.0,0.0,0.0,0.0,31.6,30.9,0.9,0.8,29.8,1.0,10.5,8.5,2.1,1.9,7.8,0.9,184.8,182.3,4.1,4.0,176.2,5.0,0.0,0.0,0.0,0.0,0.0,0.0,0.0,0.0,0.0,0.0,0.0,0.0
112,C,13959.2,9756.8,4324.8,4325.6,8011.6,1729.8,13442.0,9403.5,4156.1,4156.3,7713.6,1675.8,13215.0,9195.1,4134.1,4135.2,7508.5,1673.8,227.0,208.4,22.0,21.1,205.1,2.1,227.0,208.4,22.0,21.1,205.1,2.1,145.0,139.5,7.8,7.1,137.9,0.9,0.0,0.0,0.0,0.0,0.0,0.0,19.0,9.9,9.2,9.4,9.1,0.4,63.0,59.0,4.9,4.6,58.1,0.7,0.0,0.0,0.0,0.0,0.0,0.0,0.0,0.0,0.0,0.0,0.0,0.0
113,G,,,,,,,,,,,,,,,,,,,,,,,,,,,,,,,,,,,,,,,,,,,,,,,,,,,,,,,,,,,,,,,,,,
114,A,13959.2,9756.8,4324.8,4325.6,8011.6,1729.8,13523.9,9447.7,4194.9,4195.0,7749.0,1684.6,13185.5,9127.6,4165.7,4164.9,7501.2,1614.2,338.4,320.0,29.2,30.1,247.8,70.4,338.4,320.0,29.2,30.1,247.8,70.4,0.0,0.0,0.0,0.0,0.0,0.0,157.9,153.4,10.0,10.9,107.4,44.1,2.4,1.3,1.0,1.1,1.0,0.3,178.1,165.3,18.2,18.1,139.4,26.0,0.0,0.0,0.0,0.0,0.0,0.0,0.0,0.0,0.0,0.0,0.0,0.0
115,C,13959.2,9756.8,4324.8,4325.6,8011.6,1729.8,13292.2,9250.0,4159.6,4162.7,7580.0,1653.2,12881.1,8846.1,4141.3,4144.0,7247.0,1583.1,411.1,403.9,18.3,18.7,333.0,70.1,411.1,403.9,18.3,18.7,333.0,70.1,17.4,17.4,0.5,0.4,12.3,5.1,0.0,0.0,0.0,0.0,0.0,0.0,130.1,123.1,10.2,9.6,84.7,38.7,263.6,263.3,7.7,8.7,235.9,26.2,0.0,0.0,0.0,0.0,0.0,0.0,0.0,0.0,0.0,0.0,0.0,0.0
116,T,,,,,,,,,,,,,,,,,,,,,,,,,,,,,,,,,,,,,,,,,,,,,,,,,,,,,,,,,,,,,,,,,,
117,C,13959.2,9756.8,4324.8,4325.6,8011.6,1729.8,13609.0,9534.9,4193.0,4194.6,7836.4,1682.5,13090.8,9007.9,4183.2,4184.9,7381.4,1610.5,518.3,527.0,9.7,9.7,455.0,72.0,518.3,527.0,9.7,9.7,455.0,72.0,215.8,217.7,5.7,5.5,176.4,41.2,0.0,0.0,0.0,0.0,0.0,0.0,103.2,104.0,2.7,2.9,93.7,10.3,199.2,205.2,1.3,1.2,184.9,20.6,0.0,0.0,0.0,0.0,0.0,0.0,0.0,0.0,0.0,0.0,0.0,0.0
118,G,,,,,,,,,,,,,,,,,,,,,,,,,,,,,,,,,,,,,,,,,,,,,,,,,,,,,,,,,,,,,,,,,,
119,A,13959.2,9756.8,4324.8,4325.6,8011.6,1729.8,13447.4,9388.6,4176.8,4177.4,7701.9,1672.4,13045.6,9008.3,4158.8,4158.0,7329.9,1663.5,401.8,380.3,18.0,19.4,371.9,8.8,401.8,380.3,18.0,19.4,371.9,8.8,0.0,0.0,0.0,0.0,0.0,0.0,172.2,163.2,7.5,8.2,159.8,3.6,4.9,4.6,0.2,0.2,4.6,0.0,224.7,212.6,10.3,11.0,207.5,5.2,0.0,0.0,0.0,0.0,0.0,0.0,0.0,0.0,0.0,0.0,0.0,0.0
120,A,13959.2,9756.8,4324.8,4325.6,8011.6,1729.8,13465.7,9407.4,4176.5,4175.9,7725.6,1668.3,13218.1,9185.6,4152.0,4150.5,7517.6,1654.7,247.6,221.7,24.4,25.4,208.0,13.7,247.6,221.7,24.4,25.4,208.0,13.7,0.0,0.0,0.0,0.0,0.0,0.0,90.0,80.3,9.2,9.4,74.8,5.7,72.5,67.8,4.1,4.1,62.7,5.4,85.0,73.6,11.1,11.9,70.6,2.7,0.0,0.0,0.0,0.0,0.0,0.0,0.0,0.0,0.0,0.0,0.0,0.0
121,C,13959.2,9756.8,4324.8,4325.6,8011.6,1729.8,13326.7,9207.7,4238.0,4240.0,7548.6,1643.4,13028.7,9160.0,3966.0,3969.3,7503.2,1640.9,298.0,47.7,272.0,270.6,45.4,2.5,298.0,47.7,272.0,270.6,45.4,2.5,84.4,5.9,85.6,85.7,5.3,0.2,0.0,0.0,0.0,0.0,0.0,0.0,50.9,8.5,46.1,45.5,8.4,0.4,162.7,33.3,140.3,139.4,31.7,1.8,0.0,0.0,0.0,0.0,0.0,0.0,0.0,0.0,0.0,0.0,0.0,0.0
122,A,13959.2,9756.8,4324.8,4325.6,8011.6,1729.8,13640.3,9522.7,4237.4,4237.4,7825.9,1682.4,12876.5,9179.0,3790.9,3791.9,7517.3,1649.3,763.8,343.7,446.5,445.5,308.6,33.2,763.8,343.7,446.5,445.5,308.6,33.2,0.0,0.0,0.0,0.0,0.0,0.0,345.3,149.7,208.1,209.1,133.1,14.5,13.2,4.7,9.1,9.2,4.1,0.4,405.3,189.3,229.3,227.2,171.4,18.2,0.0,0.0,0.0,0.0,0.0,0.0,0.0,0.0,0.0,0.0,0.0,0.0
123,C,13959.2,9756.8,4324.8,4325.6,8011.6,1729.8,13633.8,9513.2,4240.4,4241.6,7809.8,1688.0,13464.7,9469.6,4096.7,4096.5,7802.0,1652.0,169.1,43.6,143.7,145.1,7.8,36.0,169.1,43.6,143.7,145.1,7.8,36.0,38.3,6.2,37.0,37.4,0.8,5.3,0.0,0.0,0.0,0.0,0.0,0.0,34.6,11.5,26.2,26.4,3.2,8.4,96.3,25.8,80.6,81.3,3.8,22.4,0.0,0.0,0.0,0.0,0.0,0.0,0.0,0.0,0.0,0.0,0.0,0.0
124,A,13959.2,9756.8,4324.8,4325.6,8011.6,1729.8,13463.6,9393.2,4188.7,4190.2,7728.9,1648.4,12989.0,9223.0,3858.5,3870.2,7705.8,1494.8,474.6,170.1,330.3,320.0,23.1,153.7,474.6,170.1,330.3,320.0,23.1,153.7,0.0,0.0,0.0,0.0,0.0,0.0,214.2,61.0,167.0,174.0,12.4,41.7,74.7,28.9,49.6,43.8,2.5,31.0,185.6,80.2,113.6,102.2,8.2,81.0,0.0,0.0,0.0,0.0,0.0,0.0,0.0,0.0,0.0,0.0,0.0,0.0
125,T,,,,,,,,,,,,,,,,,,,,,,,,,,,,,,,,,,,,,,,,,,,,,,,,,,,,,,,,,,,,,,,,,,
126,A,13959.2,9756.8,4324.8,4325.6,8011.6,1729.8,13640.3,9504.5,4256.0,4259.3,7812.8,1673.9,13452.3,9451.4,4118.6,4121.2,7769.7,1665.2,188.0,53.1,137.4,138.1,43.1,8.8,188.0,53.1,137.4,138.1,43.1,8.8,0.0,0.0,0.0,0.0,0.0,0.0,9.6,5.9,3.9,4.0,3.7,2.1,1.2,0.6,0.6,0.7,0.4,0.1,177.1,46.7,132.9,133.4,38.9,6.5,0.0,0.0,0.0,0.0,0.0,0.0,0.0,0.0,0.0,0.0,0.0,0.0
127,A,13959.2,9756.8,4324.8,4325.6,8011.6,1729.8,13713.6,9611.3,4222.0,4222.0,7881.6,1715.6,13027.0,8958.1,4195.8,4196.1,7317.3,1630.9,686.5,653.1,26.1,25.9,564.3,84.7,686.5,653.1,26.1,25.9,564.3,84.7,0.0,0.0,0.0,0.0,0.0,0.0,234.2,224.8,6.8,6.8,199.4,23.1,46.2,40.0,5.9,5.8,30.4,10.1,406.1,388.4,13.4,13.3,334.4,51.5,0.0,0.0,0.0,0.0,0.0,0.0,0.0,0.0,0.0,0.0,0.0,0.0
128,A,13959.2,9756.8,4324.8,4325.6,8011.6,1729.8,13664.0,9546.3,4237.6,4239.5,7833.0,1697.2,13381.9,9289.8,4210.8,4214.7,7641.8,1630.0,282.0,256.5,26.7,24.8,191.2,67.2,282.0,256.5,26.7,24.8,191.2,67.2,0.0,0.0,0.0,0.0,0.0,0.0,123.4,115.8,8.0,7.2,97.7,18.8,64.6,62.7,2.1,2.0,53.8,8.9,94.0,78.0,16.6,15.6,39.7,39.5,0.0,0.0,0.0,0.0,0.0,0.0,0.0,0.0,0.0,0.0,0.0,0.0
129,G,,,,,,,,,,,,,,,,,,,,,,,,,,,,,,,,,,,,,,,,,,,,,,,,,,,,,,,,,,,,,,,,,,
130,C,13959.2,9756.8,4324.8,4325.6,8011.6,1729.8,13377.3,9343.4,4151.4,4156.0,7685.0,1639.6,13300.4,9281.9,4135.1,4140.4,7666.4,1595.3,76.9,61.5,16.2,15.6,18.6,44.3,76.9,61.5,16.2,15.6,18.6,44.3,21.6,17.9,4.0,3.8,5.9,12.4,0.0,0.0,0.0,0.0,0.0,0.0,36.1,28.7,7.7,7.6,6.5,22.6,19.2,14.9,4.5,4.1,6.3,9.2,0.0,0.0,0.0,0.0,0.0,0.0,0.0,0.0,0.0,0.0,0.0,0.0
131,A,13959.2,9756.8,4324.8,4325.6,8011.6,1729.8,13196.3,9142.1,4171.6,4170.1,7471.3,1659.1,12919.2,9065.4,3968.8,3965.3,7417.2,1638.6,277.1,76.6,202.7,204.8,54.1,20.5,277.1,76.6,202.7,204.8,54.1,20.5,0.0,0.0,0.0,0.0,0.0,0.0,102.5,13.6,89.7,90.8,8.8,3.7,38.3,15.9,22.8,22.7,12.0,3.9,136.3,47.2,90.2,91.4,33.3,12.9,0.0,0.0,0.0,0.0,0.0,0.0,0.0,0.0,0.0,0.0,0.0,0.0
132,A,13959.2,9756.8,4324.8,4325.6,8011.6,1729.8,13792.2,9656.2,4256.6,4258.0,7951.8,1688.2,13501.7,9456.6,4162.9,4163.5,7806.9,1633.3,290.5,199.6,93.8,94.5,144.8,54.9,290.5,199.6,93.8,94.5,144.8,54.9,0.0,0.0,0.0,0.0,0.0,0.0,175.7,144.6,30.5,32.2,117.6,25.3,4.6,4.1,0.4,1.0,2.8,0.9,110.2,50.8,62.8,61.3,24.5,28.7,0.0,0.0,0.0,0.0,0.0,0.0,0.0,0.0,0.0,0.0,0.0,0.0
133,T,,,,,,,,,,,,,,,,,,,,,,,,,,,,,,,,,,,,,,,,,,,,,,,,,,,,,,,,,,,,,,,,,,
134,T,,,,,,,,,,,,,,,,,,,,,,,,,,,,,,,,,,,,,,,,,,,,,,,,,,,,,,,,,,,,,,,,,,
135,C,13959.2,9756.8,4324.8,4325.6,8011.6,1729.8,13437.7,9464.4,4089.6,4089.6,7780.6,1669.6,12881.6,9160.6,3836.0,3839.1,7552.3,1588.4,556.1,303.9,253.6,250.5,228.4,81.2,556.1,303.9,253.6,250.5,228.4,81.2,161.1,70.6,90.2,88.2,45.5,28.8,0.0,0.0,0.0,0.0,0.0,0.0,262.6,156.1,107.6,106.7,130.7,25.7,132.5,77.1,55.9,55.6,52.1,26.7,0.0,0.0,0.0,0.0,0.0,0.0,0.0,0.0,0.0,0.0,0.0,0.0
136,A,13959.2,9756.8,4324.8,4325.6,8011.6,1729.8,13681.2,9557.3,4244.0,4245.2,7836.0,1706.1,13059.7,9061.6,4113.2,4119.3,7499.5,1536.5,621.6,495.6,130.8,125.8,336.5,169.6,621.6,495.6,130.8,125.8,336.5,169.6,0.0,0.0,0.0,0.0,0.0,0.0,108.3,96.0,13.0,9.3,42.2,60.6,85.0,65.0,20.7,21.1,55.4,8.9,428.3,334.6,97.1,95.4,239.0,100.0,0.0,0.0,0.0,0.0,0.0,0.0,0.0,0.0,0.0,0.0,0.0,0.0
137,A,13959.2,9756.8,4324.8,4325.6,8011.6,1729.8,13747.0,9648.4,4218.3,4218.8,7922.3,1711.2,13196.8,9142.3,4173.2,4175.2,7570.4,1550.0,550.2,506.1,45.0,43.6,351.9,161.2,550.2,506.1,45.0,43.6,351.9,161.2,0.0,0.0,0.0,0.0,0.0,0.0,186.1,172.5,13.9,13.2,103.4,73.3,28.1,23.0,5.2,5.1,15.5,7.9,336.0,310.6,25.9,25.3,233.0,80.1,0.0,0.0,0.0,0.0,0.0,0.0,0.0,0.0,0.0,0.0,0.0,0.0
138,T,,,,,,,,,,,,,,,,,,,,,,,,,,,,,,,,,,,,,,,,,,,,,,,,,,,,,,,,,,,,,,,,,,
139,G,,,,,,,,,,,,,,,,,,,,,,,,,,,,,,,,,,,,,,,,,,,,,,,,,,,,,,,,,,,,,,,,,,
140,T,,,,,,,,,,,,,,,,,,,,,,,,,,,,,,,,,,,,,,,,,,,,,,,,,,,,,,,,,,,,,,,,,,
141,T,,,,,,,,,,,,,,,,,,,,,,,,,,,,,,,,,,,,,,,,,,,,,,,,,,,,,,,,,,,,,,,,,,
142,C,13959.2,9756.8,4324.8,4325.6,8011.6,1729.8,13447.4,9407.5,4157.6,4158.2,7720.4,1672.6,13115.1,9196.4,4033.4,4030.8,7518.2,1671.7,332.3,211.1,124.2,127.3,202.2,0.9,332.3,211.1,124.2,127.3,202.2,0.9,76.8,48.1,29.3,29.7,46.5,0.1,0.0,0.0,0.0,0.0,0.0,0.0,77.9,49.4,29.2,29.7,47.6,0.2,177.6,113.5,65.7,67.9,108.1,0.6,0.0,0.0,0.0,0.0,0.0,0.0,0.0,0.0,0.0,0.0,0.0,0.0
143,C,13959.2,9756.8,4324.8,4325.6,8011.6,1729.8,13300.8,9300.4,4117.0,4114.4,7617.1,1672.3,12766.4,8887.8,3991.3,3999.3,7423.0,1447.0,534.4,412.5,125.6,115.2,194.1,225.4,534.4,412.5,125.6,115.2,194.1,225.4,392.4,304.4,90.6,82.2,137.8,172.3,0.0,0.0,0.0,0.0,0.0,0.0,94.7,73.0,22.4,21.2,32.4,41.1,47.4,35.2,12.6,11.7,23.9,11.9,0.0,0.0,0.0,0.0,0.0,0.0,0.0,0.0,0.0,0.0,0.0,0.0
144,C,13959.2,9756.8,4324.8,4325.6,8011.6,1729.8,12907.5,9030.8,3989.6,3988.0,7376.4,1643.4,12609.5,8810.4,3909.6,3908.1,7183.6,1618.1,298.0,220.4,80.0,79.9,192.8,25.3,298.0,220.4,80.0,79.9,192.8,25.3,31.9,25.8,6.3,6.4,14.3,12.6,0.0,0.0,0.0,0.0,0.0,0.0,193.9,137.1,58.5,58.0,126.0,9.0,72.1,57.5,15.2,15.5,52.5,3.7,0.0,0.0,0.0,0.0,0.0,0.0,0.0,0.0,0.0,0.0,0.0,0.0
145,T,,,,,,,,,,,,,,,,,,,,,,,,,,,,,,,,,,,,,,,,,,,,,,,,,,,,,,,,,,,,,,,,,,
146,T,,,,,,,,,,,,,,,,,,,,,,,,,,,,,,,,,,,,,,,,,,,,,,,,,,,,,,,,,,,,,,,,,,
147,A,13959.2,9756.8,4324.8,4325.6,8011.6,1729.8,13645.7,9534.8,4230.5,4230.1,7836.2,1684.6,13234.6,9241.5,4109.2,4112.4,7655.2,1565.6,411.0,293.3,121.3,117.7,181.1,119.0,411.0,293.3,121.3,117.7,181.1,119.0,0.0,0.0,0.0,0.0,0.0,0.0,88.7,72.6,16.9,14.2,30.7,46.4,133.6,85.6,49.2,48.7,66.1,20.1,188.7,135.2,55.1,54.9,84.3,52.6,0.0,0.0,0.0,0.0,0.0,0.0,0.0,0.0,0.0,0.0,0.0,0.0
148,A,13959.2,9756.8,4324.8,4325.6,8011.6,1729.8,13426.9,9381.0,4163.6,4164.5,7698.7,1667.5,13239.3,9223.5,4132.2,4133.4,7614.8,1589.9,187.7,157.6,31.4,31.1,84.0,77.6,187.7,157.6,31.4,31.1,84.0,77.6,0.0,0.0,0.0,0.0,0.0,0.0,98.3,75.1,24.0,24.8,47.4,27.9,31.3,30.6,0.8,0.5,11.1,21.0,58.1,51.8,6.6,5.8,25.4,28.6,0.0,0.0,0.0,0.0,0.0,0.0,0.0,0.0,0.0,0.0,0.0,0.0
149,A,13959.2,9756.8,4324.8,4325.6,8011.6,1729.8,13487.3,9419.4,4186.3,4185.8,7727.4,1678.5,13437.6,9374.9,4180.7,4179.1,7713.1,1647.2,49.7,44.5,5.6,6.7,14.3,31.3,49.7,44.5,5.6,6.7,14.3,31.3,0.0,0.0,0.0,0.0,0.0,0.0,12.4,10.2,2.3,3.7,5.3,3.7,10.2,9.6,0.6,0.9,4.2,5.5,27.1,24.6,2.7,2.1,4.8,22.1,0.0,0.0,0.0,0.0,0.0,0.0,0.0,0.0,0.0,0.0,0.0,0.0
150,C,13959.2,9756.8,4324.8,4325.6,8011.6,1729.8,13554.1,9477.2,4195.6,4197.6,7788.0,1672.9,13512.7,9438.7,4192.6,4194.7,7756.7,1665.6,41.4,38.5,3.0,2.9,31.3,7.3,41.4,38.5,3.0,2.9,31.3,7.3,2.3,2.2,0.1,0.1,1.6,0.6,0.0,0.0,0.0,0.0,0.0,0.0,23.0,21.6,1.4,1.4,18.9,2.5,16.1,14.7,1.5,1.4,10.8,4.2,0.0,0.0,0.0,0.0,0.0,0.0,0.0,0.0,0.0,0.0,0.0,0.0
151,G,,,,,,,,,,,,,,,,,,,,,,,,,,,,,,,,,,,,,,,,,,,,,,,,,,,,,,,,,,,,,,,,,,
152,T,,,,,,,,,,,,,,,,,,,,,,,,,,,,,,,,,,,,,,,,,,,,,,,,,,,,,,,,,,,,,,,,,,
153,C,13959.2,9756.8,4324.8,4325.6,8011.6,1729.8,13692.0,9542.7,4269.9,4269.1,7833.8,1695.4,13443.9,9426.3,4135.5,4137.6,7822.8,1583.3,248.1,116.4,134.4,131.6,10.9,112.1,248.1,116.4,134.4,131.6,10.9,112.1,89.6,70.3,20.0,15.1,6.9,70.8,0.0,0.0,0.0,0.0,0.0,0.0,124.6,29.1,97.1,100.6,3.3,23.0,33.9,17.0,17.3,15.9,0.8,18.2,0.0,0.0,0.0,0.0,0.0,0.0,0.0,0.0,0.0,0.0,0.0,0.0
154,T,,,,,,,,,,,,,,,,,,,,,,,,,,,,,,,,,,,,,,,,,,,,,,,,,,,,,,,,,,,,,,,,,,
155,A,13959.2,9756.8,4324.8,4325.6,8011.6,1729.8,13466.8,9415.8,4168.9,4170.6,7758.1,1641.5,13328.5,9299.5,4146.2,4146.9,7700.8,1581.0,138.3,116.3,22.8,23.6,57.4,60.5,138.3,116.3,22.8,23.6,57.4,60.5,0.0,0.0,0.0,0.0,0.0,0.0,60.7,46.0,15.1,14.7,13.2,34.9,29.2,27.1,2.2,3.1,19.7,6.6,48.3,43.1,5.4,5.9,24.4,19.0,0.0,0.0,0.0,0.0,0.0,0.0,0.0,0.0,0.0,0.0,0.0,0.0
156,C,13959.2,9756.8,4324.8,4325.6,8011.6,1729.8,13424.8,9390.6,4151.7,4151.5,7700.3,1676.8,13403.2,9371.4,4149.2,4149.0,7683.0,1675.0,21.5,19.2,2.5,2.5,17.2,1.8,21.5,19.2,2.5,2.5,17.2,1.8,0.0,0.0,0.0,0.0,0.0,0.0,0.0,0.0,0.0,0.0,0.0,0.0,1.1,1.1,0.0,0.0,1.1,0.0,20.4,18.1,2.5,2.5,16.2,1.7,0.0,0.0,0.0,0.0,0.0,0.0,0.0,0.0,0.0,0.0,0.0,0.0
157,G,,,,,,,,,,,,,,,,,,,,,,,,,,,,,,,,,,,,,,,,,,,,,,,,,,,,,,,,,,,,,,,,,,
158,C,13959.2,9756.8,4324.8,4325.6,8011.6,1729.8,13438.8,9402.4,4154.0,4157.0,7717.4,1668.1,13127.8,9136.6,4109.0,4109.4,7479.8,1643.6,311.0,265.8,45.0,47.5,237.6,24.5,311.0,265.8,45.0,47.5,237.6,24.5,49.8,43.8,5.8,6.0,36.5,7.1,0.0,0.0,0.0,0.0,0.0,0.0,23.2,13.2,10.5,11.0,11.3,1.3,238.0,208.8,28.6,30.5,189.8,16.1,0.0,0.0,0.0,0.0,0.0,0.0,0.0,0.0,0.0,0.0,0.0,0.0
159,G,,,,,,,,,,,,,,,,,,,,,,,,,,,,,,,,,,,,,,,,,,,,,,,,,,,,,,,,,,,,,,,,,,
160,T,,,,,,,,,,,,,,,,,,,,,,,,,,,,,,,,,,,,,,,,,,,,,,,,,,,,,,,,,,,,,,,,,,
161,C,13959.2,9756.8,4324.8,4325.6,8011.6,1729.8,13276.0,9338.6,4052.6,4051.0,7672.4,1653.9,13060.1,9331.0,3847.2,3847.7,7668.9,1648.0,215.9,7.5,205.5,203.3,3.5,5.9,215.9,7.5,205.5,203.3,3.5,5.9,5.8,0.2,5.5,4.5,0.0,1.2,0.0,0.0,0.0,0.0,0.0,0.0,121.3,5.3,114.4,113.7,2.4,3.4,88.9,2.1,85.6,85.1,1.1,1.4,0.0,0.0,0.0,0.0,0.0,0.0,0.0,0.0,0.0,0.0,0.0,0.0
162,C,13959.2,9756.8,4324.8,4325.6,8011.6,1729.8,13611.2,9534.2,4195.8,4196.8,7818.8,1700.5,13439.0,9449.4,4106.2,4107.9,7790.2,1644.6,172.1,84.8,89.7,88.9,28.6,56.0,172.1,84.8,89.7,88.9,28.6,56.0,81.5,59.2,23.0,18.9,18.3,44.3,0.0,0.0,0.0,0.0,0.0,0.0,12.5,4.0,8.7,9.3,2.1,1.3,78.1,21.6,57.9,60.7,8.2,10.4,0.0,0.0,0.0,0.0,0.0,0.0,0.0,0.0,0.0,0.0,0.0,0.0
163,T,,,,,,,,,,,,,,,,,,,,,,,,,,,,,,,,,,,,,,,,,,,,,,,,,,,,,,,,,,,,,,,,,,
164,C,13959.2,9756.8,4324.8,4325.6,8011.6,1729.8,13099.3,9074.7,4141.1,4143.1,7434.8,1624.6,12621.1,8595.5,4138.0,4141.8,6982.8,1597.8,478.2,479.2,3.1,1.3,452.0,26.8,478.2,479.2,3.1,1.3,452.0,26.8,24.8,24.2,0.8,0.4,21.6,2.9,0.0,0.0,0.0,0.0,0.0,0.0,440.4,441.9,2.2,0.8,417.7,23.5,13.0,13.1,0.0,0.0,12.7,0.3,0.0,0.0,0.0,0.0,0.0,0.0,0.0,0.0,0.0,0.0,0.0,0.0
165,T,,,,,,,,,,,,,,,,,,,,,,,,,,,,,,,,,,,,,,,,,,,,,,,,,,,,,,,,,,,,,,,,,,
166,C,13959.2,9756.8,4324.8,4325.6,8011.6,1729.8,13660.8,9568.6,4211.5,4212.3,7869.2,1684.1,13422.3,9361.6,4174.7,4178.1,7723.0,1621.9,238.4,207.0,36.7,34.2,146.2,62.2,238.4,207.0,36.7,34.2,146.2,62.2,34.2,30.8,4.3,4.1,22.7,8.1,0.0,0.0,0.0,0.0,0.0,0.0,121.6,103.5,20.7,19.4,79.5,25.0,82.6,72.7,11.8,10.7,44.0,29.1,0.0,0.0,0.0,0.0,0.0,0.0,0.0,0.0,0.0,0.0,0.0,0.0
167,C,13959.2,9756.8,4324.8,4325.6,8011.6,1729.8,13629.5,9509.3,4240.0,4240.8,7797.8,1696.6,12926.9,8793.4,4230.8,4229.6,7149.0,1627.9,702.6,715.9,9.3,11.2,648.8,68.8,702.6,715.9,9.3,11.2,648.8,68.8,129.2,132.7,0.7,0.9,124.9,8.5,0.0,0.0,0.0,0.0,0.0,0.0,89.3,90.8,1.4,1.8,81.0,9.8,484.1,492.5,7.1,8.5,442.9,50.4,0.0,0.0,0.0,0.0,0.0,0.0,0.0,0.0,0.0,0.0,0.0,0.0
168,G,,,,,,,,,,,,,,,,,,,,,,,,,,,,,,,,,,,,,,,,,,,,,,,,,,,,,,,,,,,,,,,,,,
169,A,13959.2,9756.8,4324.8,4325.6,8011.6,1729.8,13512.0,9429.0,4201.8,4202.3,7738.0,1676.5,13388.2,9396.7,4115.7,4119.7,7726.7,1652.6,123.8,32.4,86.1,82.6,11.2,24.0,123.8,32.4,86.1,82.6,11.2,24.0,0.0,0.0,0.0,0.0,0.0,0.0,66.2,13.5,49.4,49.8,6.5,6.2,27.0,11.4,14.9,11.2,1.4,13.6,30.7,7.5,21.8,21.6,3.4,4.1,0.0,0.0,0.0,0.0,0.0,0.0,0.0,0.0,0.0,0.0,0.0,0.0
170,C,13959.2,9756.8,4324.8,4325.6,8011.6,1729.8,13347.2,9390.5,4072.4,4073.0,7723.0,1652.8,12593.0,8688.6,4007.5,4006.7,7042.8,1635.4,754.2,701.9,64.9,66.3,680.2,17.5,754.2,701.9,64.9,66.3,680.2,17.5,592.3,571.2,31.8,30.6,557.0,13.0,0.0,0.0,0.0,0.0,0.0,0.0,124.0,105.5,20.2,21.7,100.5,3.1,37.9,25.3,12.9,14.0,22.7,1.4,0.0,0.0,0.0,0.0,0.0,0.0,0.0,0.0,0.0,0.0,0.0,0.0
171,T,,,,,,,,,,,,,,,,,,,,,,,,,,,,,,,,,,,,,,,,,,,,,,,,,,,,,,,,,,,,,,,,,,
172,C,13959.2,9756.8,4324.8,4325.6,8011.6,1729.8,13497.0,9457.8,4157.0,4159.1,7757.5,1684.4,13386.0,9356.5,4145.7,4148.7,7712.1,1628.3,111.0,101.3,11.3,10.4,45.3,56.0,111.0,101.3,11.3,10.4,45.3,56.0,7.0,5.0,2.0,2.2,1.3,3.5,0.0,0.0,0.0,0.0,0.0,0.0,44.4,39.8,5.3,6.0,27.6,11.3,59.6,56.5,4.0,2.2,16.4,41.2,0.0,0.0,0.0,0.0,0.0,0.0,0.0,0.0,0.0,0.0,0.0,0.0
173,T,,,,,,,,,,,,,,,,,,,,,,,,,,,,,,,,,,,,,,,,,,,,,,,,,,,,,,,,,,,,,,,,,,
174,A,13959.2,9756.8,4324.8,4325.6,8011.6,1729.8,13537.9,9469.6,4186.9,4187.8,7774.5,1680.1,13444.6,9398.5,4163.8,4169.3,7761.2,1616.3,93.3,71.0,23.1,18.5,13.2,63.8,93.3,71.0,23.1,18.5,13.2,63.8,0.0,0.0,0.0,0.0,0.0,0.0,29.6,20.9,9.0,8.2,6.7,15.4,9.9,7.6,2.3,1.6,0.1,8.5,53.8,42.5,11.7,8.8,6.5,39.9,0.0,0.0,0.0,0.0,0.0,0.0,0.0,0.0,0.0,0.0,0.0,0.0
175,C,13959.2,9756.8,4324.8,4325.6,8011.6,1729.8,13742.7,9645.2,4217.1,4217.1,7938.7,1691.8,13592.9,9511.8,4199.8,4198.4,7810.9,1689.3,149.8,133.5,17.3,18.7,127.8,2.5,149.8,133.5,17.3,18.7,127.8,2.5,15.3,8.1,7.3,7.7,7.5,0.1,0.0,0.0,0.0,0.0,0.0,0.0,130.1,123.8,7.1,8.2,118.8,2.4,4.4,1.5,2.9,2.8,1.6,0.0,0.0,0.0,0.0,0.0,0.0,0.0,0.0,0.0,0.0,0.0,0.0,0.0
176,G,,,,,,,,,,,,,,,,,,,,,,,,,,,,,,,,,,,,,,,,,,,,,,,,,,,,,,,,,,,,,,,,,,
177,T,,,,,,,,,,,,,,,,,,,,,,,,,,,,,,,,,,,,,,,,,,,,,,,,,,,,,,,,,,,,,,,,,,
178,G,,,,,,,,,,,,,,,,,,,,,,,,,,,,,,,,,,,,,,,,,,,,,,,,,,,,,,,,,,,,,,,,,,
179,C,13959.2,9756.8,4324.8,4325.6,8011.6,1729.8,13560.5,9505.9,4172.9,4171.2,7799.9,1693.8,13393.6,9484.4,4023.0,4021.7,7787.9,1684.0,167.0,21.5,149.9,149.5,12.0,9.7,167.0,21.5,149.9,149.5,12.0,9.7,88.9,6.4,85.0,85.0,4.2,2.1,0.0,0.0,0.0,0.0,0.0,0.0,24.9,2.1,23.5,23.5,0.6,1.5,53.1,13.0,41.4,41.0,7.2,6.1,0.0,0.0,0.0,0.0,0.0,0.0,0.0,0.0,0.0,0.0,0.0,0.0
180,G,,,,,,,,,,,,,,,,,,,,,,,,,,,,,,,,,,,,,,,,,,,,,,,,,,,,,,,,,,,,,,,,,,
181,T,,,,,,,,,,,,,,,,,,,,,,,,,,,,,,,,,,,,,,,,,,,,,,,,,,,,,,,,,,,,,,,,,,
182,C,13959.2,9756.8,4324.8,4325.6,8011.6,1729.8,13520.7,9475.8,4162.8,4162.5,7768.3,1694.0,13433.3,9446.6,4103.6,4105.3,7743.8,1687.3,87.4,29.3,59.2,57.2,24.5,6.7,87.4,29.3,59.2,57.2,24.5,6.7,35.2,7.5,28.2,27.4,6.7,1.5,0.0,0.0,0.0,0.0,0.0,0.0,21.6,12.3,9.5,8.4,10.3,3.1,30.6,9.5,21.6,21.3,7.6,2.1,0.0,0.0,0.0,0.0,0.0,0.0,0.0,0.0,0.0,0.0,0.0,0.0
183,A,13959.2,9756.8,4324.8,4325.6,8011.6,1729.8,13464.6,9389.4,4193.7,4196.9,7696.6,1675.8,13070.3,9022.9,4164.1,4165.3,7337.1,1675.8,394.3,366.5,29.6,31.6,359.5,0.0,394.3,366.5,29.6,31.6,359.5,0.0,0.0,0.0,0.0,0.0,0.0,0.0,315.5,303.0,13.7,14.3,298.2,0.0,2.2,1.5,0.7,0.7,1.4,0.0,76.7,62.0,15.2,16.5,59.8,0.0,0.0,0.0,0.0,0.0,0.0,0.0,0.0,0.0,0.0,0.0,0.0,0.0
184,C,13959.2,9756.8,4324.8,4325.6,8011.6,1729.8,13466.8,9399.9,4185.2,4187.6,7725.2,1658.1,13325.5,9265.2,4177.6,4183.4,7689.6,1557.6,141.3,134.7,7.6,4.2,35.6,100.5,141.3,134.7,7.6,4.2,35.6,100.5,70.7,68.4,2.7,1.0,18.5,50.6,0.0,0.0,0.0,0.0,0.0,0.0,21.3,19.7,1.8,1.6,9.8,9.9,49.4,46.6,3.1,1.6,7.3,40.0,0.0,0.0,0.0,0.0,0.0,0.0,0.0,0.0,0.0,0.0,0.0,0.0
185,T,,,,,,,,,,,,,,,,,,,,,,,,,,,,,,,,,,,,,,,,,,,,,,,,,,,,,,,,,,,,,,,,,,
186,T,,,,,,,,,,,,,,,,,,,,,,,,,,,,,,,,,,,,,,,,,,,,,,,,,,,,,,,,,,,,,,,,,,
187,A,13959.2,9756.8,4324.8,4325.6,8011.6,1729.8,13502.3,9408.7,4212.6,4215.2,7727.1,1664.9,13441.1,9392.0,4167.3,4169.9,7718.3,1656.8,61.2,16.7,45.2,45.4,8.8,8.1,61.2,16.7,45.2,45.4,8.8,8.1,0.0,0.0,0.0,0.0,0.0,0.0,30.6,5.9,25.1,25.2,2.1,3.8,13.1,6.3,7.0,6.9,4.0,2.4,17.5,4.6,13.1,13.3,2.7,1.8,0.0,0.0,0.0,0.0,0.0,0.0,0.0,0.0,0.0,0.0,0.0,0.0
188,T,,,,,,,,,,,,,,,,,,,,,,,,,,,,,,,,,,,,,,,,,,,,,,,,,,,,,,,,,,,,,,,,,,
189,C,13959.2,9756.8,4324.8,4325.6,8011.6,1729.8,13565.9,9491.2,4193.4,4195.6,7789.7,1685.2,13542.8,9470.6,4191.0,4193.3,7776.7,1677.4,23.2,20.6,2.4,2.3,13.0,7.8,23.2,20.6,2.4,2.3,13.0,7.8,11.0,10.8,0.1,0.0,6.5,4.5,0.0,0.0,0.0,0.0,0.0,0.0,2.2,0.3,2.0,1.8,0.1,0.4,9.9,9.5,0.4,0.4,6.4,3.0,0.0,0.0,0.0,0.0,0.0,0.0,0.0,0.0,0.0,0.0,0.0,0.0
190,C,13959.2,9756.8,4324.8,4325.6,8011.6,1729.8,13484.0,9400.7,4202.0,4203.1,7730.1,1655.3,13453.1,9382.5,4188.8,4190.2,7713.1,1653.8,30.9,18.2,13.2,12.9,17.0,1.4,30.9,18.2,13.2,12.9,17.0,1.4,8.8,2.1,7.1,7.0,2.1,0.1,0.0,0.0,0.0,0.0,0.0,0.0,15.5,14.3,1.1,1.0,13.0,1.3,6.6,1.9,5.0,5.0,1.8,0.0,0.0,0.0,0.0,0.0,0.0,0.0,0.0,0.0,0.0,0.0,0.0,0.0
191,G,,,,,,,,,,,,,,,,,,,,,,,,,,,,,,,,,,,,,,,,,,,,,,,,,,,,,,,,,,,,,,,,,,
192,A,13959.2,9756.8,4324.8,4325.6,8011.6,1729.8,13619.8,9458.5,4281.9,4284.4,7769.9,1671.8,13393.2,9409.3,4100.5,4102.6,7733.8,1659.3,226.6,49.2,181.5,181.8,36.1,12.5,226.6,49.2,181.5,181.8,36.1,12.5,0.0,0.0,0.0,0.0,0.0,0.0,177.8,19.5,161.9,162.0,15.4,3.7,9.8,4.9,4.9,5.0,3.4,1.5,39.0,24.8,14.6,14.8,17.3,7.3,0.0,0.0,0.0,0.0,0.0,0.0,0.0,0.0,0.0,0.0,0.0,0.0
193,C,13959.2,9756.8,4324.8,4325.6,8011.6,1729.8,13563.8,9488.1,4194.4,4197.3,7796.1,1674.9,13531.9,9462.7,4187.9,4190.9,7777.7,1667.8,31.8,25.5,6.5,6.4,18.4,7.1,31.8,25.5,6.5,6.4,18.4,7.1,8.8,8.5,0.2,0.2,5.8,2.8,0.0,0.0,0.0,0.0,0.0,0.0,12.1,8.4,3.7,3.7,6.5,2.0,11.0,8.5,2.6,2.6,6.1,2.4,0.0,0.0,0.0,0.0,0.0,0.0,0.0,0.0,0.0,0.0,0.0,0.0
194,G,,,,,,,,,,,,,,,,,,,,,,,,,,,,,,,,,,,,,,,,,,,,,,,,,,,,,,,,,,,,,,,,,,
195,T,,,,,,,,,,,,,,,,,,,,,,,,,,,,,,,,,,,,,,,,,,,,,,,,,,,,,,,,,,,,,,,,,,
196,T,,,,,,,,,,,,,,,,,,,,,,,,,,,,,,,,,,,,,,,,,,,,,,,,,,,,,,,,,,,,,,,,,,
197,G,,,,,,,,,,,,,,,,,,,,,,,,,,,,,,,,,,,,,,,,,,,,,,,,,,,,,,,,,,,,,,,,,,
198,A,13959.2,9756.8,4324.8,4325.6,8011.6,1729.8,13493.7,9433.3,4178.6,4179.4,7748.4,1670.0,13406.0,9378.1,4145.0,4144.9,7696.3,1668.0,87.7,55.2,33.6,34.5,52.1,2.0,87.7,55.2,33.6,34.5,52.1,2.0,0.0,0.0,0.0,0.0,0.0,0.0,20.0,8.8,11.6,11.7,8.5,0.2,7.8,6.9,0.9,0.8,6.9,0.0,60.0,39.5,21.1,22.0,36.7,1.8,0.0,0.0,0.0,0.0,0.0,0.0,0.0,0.0,0.0,0.0,0.0,0.0
199,C,13959.2,9756.8,4324.8,4325.6,8011.6,1729.8,13798.7,9619.2,4301.0,4302.1,7893.7,1710.0,13399.2,9418.7,4096.7,4095.3,7727.8,1678.5,399.5,200.5,204.3,206.8,165.9,31.5,399.5,200.5,204.3,206.8,165.9,31.5,123.8,75.6,49.5,49.8,62.8,12.3,0.0,0.0,0.0,0.0,0.0,0.0,107.5,48.4,60.6,61.7,39.5,7.6,168.3,76.5,94.2,95.4,63.5,11.5,0.0,0.0,0.0,0.0,0.0,0.0,0.0,0.0,0.0,0.0,0.0,0.0
200,T,,,,,,,,,,,,,,,,,,,,,,,,,,,,,,,,,,,,,,,,,,,,,,,,,,,,,,,,,,,,,,,,,,
201,C,13959.2,9756.8,4324.8,4325.6,8011.6,1729.8,13550.8,9474.0,4195.5,4194.7,7775.5,1685.4,13536.2,9463.3,4191.5,4191.3,7769.1,1680.3,14.7,10.7,4.0,3.4,6.4,5.0,14.7,10.7,4.0,3.4,6.4,5.0,1.1,1.0,0.1,0.1,1.0,0.0,0.0,0.0,0.0,0.0,0.0,0.0,2.3,0.0,2.4,2.4,0.0,0.0,11.3,9.7,1.6,0.9,5.3,5.0,0.0,0.0,0.0,0.0,0.0,0.0,0.0,0.0,0.0,0.0,0.0,0.0
202,G,,,,,,,,,,,,,,,,,,,,,,,,,,,,,,,,,,,,,,,,,,,,,,,,,,,,,,,,,,,,,,,,,,
203,A,13959.2,9756.8,4324.8,4325.6,8011.6,1729.8,13514.2,9449.9,4182.7,4183.4,7763.3,1671.8,13365.2,9375.2,4105.6,4107.4,7705.4,1653.9,149.0,74.7,77.1,76.0,57.8,17.9,149.0,74.7,77.1,76.0,57.8,17.9,0.0,0.0,0.0,0.0,0.0,0.0,39.8,28.3,11.8,11.3,21.6,7.2,5.7,3.8,2.0,2.1,2.0,1.7,103.5,42.6,63.4,62.5,34.2,9.0,0.0,0.0,0.0,0.0,0.0,0.0,0.0,0.0,0.0,0.0,0.0,0.0
204,G,,,,,,,,,,,,,,,,,,,,,,,,,,,,,,,,,,,,,,,,,,,,,,,,,,,,,,,,,,,,,,,,,,
205,A,13959.2,9756.8,4324.8,4325.6,8011.6,1729.8,13502.3,9440.4,4180.3,4180.9,7755.2,1670.4,12920.3,9130.5,3897.4,3902.4,7525.9,1586.5,582.0,309.8,282.9,278.5,229.3,83.9,582.0,309.8,282.9,278.5,229.3,83.9,0.0,0.0,0.0,0.0,0.0,0.0,95.3,49.2,47.9,47.7,38.4,10.9,7.8,7.4,0.4,0.4,5.5,1.9,478.8,253.2,234.5,230.4,185.4,71.1,0.0,0.0,0.0,0.0,0.0,0.0,0.0,0.0,0.0,0.0,0.0,0.0
206,C,13959.2,9756.8,4324.8,4325.6,8011.6,1729.8,13576.7,9489.3,4206.4,4207.9,7806.7,1666.7,13430.6,9382.4,4166.4,4167.6,7700.8,1666.7,146.1,106.8,40.0,40.2,105.9,0.0,146.1,106.8,40.0,40.2,105.9,0.0,7.0,6.2,0.7,1.1,5.7,0.0,0.0,0.0,0.0,0.0,0.0,0.0,30.1,18.2,12.5,12.4,18.2,0.0,109.0,82.4,26.8,26.7,82.0,0.0,0.0,0.0,0.0,0.0,0.0,0.0,0.0,0.0,0.0,0.0,0.0,0.0
207,T,,,,,,,,,,,,,,,,,,,,,,,,,,,,,,,,,,,,,,,,,,,,,,,,,,,,,,,,,,,,,,,,,,
208,A,13959.2,9756.8,4324.8,4325.6,8011.6,1729.8,13565.9,9426.8,4259.2,4260.4,7726.8,1684.8,13288.3,9323.8,4080.2,4081.0,7626.2,1684.8,277.6,102.9,178.9,179.4,100.6,0.0,277.6,102.9,178.9,179.4,100.6,0.0,0.0,0.0,0.0,0.0,0.0,0.0,107.8,25.8,83.9,84.4,24.7,0.0,37.5,19.9,18.1,18.0,19.6,0.0,132.3,57.3,77.0,77.0,56.3,0.0,0.0,0.0,0.0,0.0,0.0,0.0,0.0,0.0,0.0,0.0,0.0,0.0
209,G,,,,,,,,,,,,,,,,,,,,,,,,,,,,,,,,,,,,,,,,,,,,,,,,,,,,,,,,,,,,,,,,,,
210,G,,,,,,,,,,,,,,,,,,,,,,,,,,,,,,,,,,,,,,,,,,,,,,,,,,,,,,,,,,,,,,,,,,
211,A,13959.2,9756.8,4324.8,4325.6,8011.6,1729.8,13710.3,9613.9,4215.9,4218.1,7882.3,1715.5,13268.3,9218.2,4174.0,4177.6,7617.0,1586.6,442.0,395.7,41.9,40.5,265.3,129.0,442.0,395.7,41.9,40.5,265.3,129.0,0.0,0.0,0.0,0.0,0.0,0.0,297.8,271.0,23.4,22.2,176.4,93.6,103.9,97.1,5.3,5.0,69.7,27.2,40.4,27.6,13.2,13.2,19.2,8.2,0.0,0.0,0.0,0.0,0.0,0.0,0.0,0.0,0.0,0.0,0.0,0.0
212,A,13959.2,9756.8,4324.8,4325.6,8011.6,1729.8,13531.4,9501.9,4147.2,4146.1,7811.9,1676.9,12887.7,9160.2,3840.8,3834.2,7482.5,1674.5,643.8,341.7,306.4,311.9,329.4,2.4,643.8,341.7,306.4,311.9,329.4,2.4,0.0,0.0,0.0,0.0,0.0,0.0,395.4,228.5,169.8,172.5,221.5,1.4,55.7,32.3,23.8,23.7,31.8,0.1,192.7,80.9,112.8,115.7,76.1,0.9,0.0,0.0,0.0,0.0,0.0,0.0,0.0,0.0,0.0,0.0,0.0,0.0
213,T,,,,,,,,,,,,,,,,,,,,,,,,,,,,,,,,,,,,,,,,,,,,,,,,,,,,,,,,,,,,,,,,,,
214,C,13959.2,9756.8,4324.8,4325.6,8011.6,1729.8,13505.6,9442.7,4181.2,4182.2,7761.4,1666.1,13470.1,9415.7,4172.4,4172.6,7735.7,1665.6,35.5,27.0,8.8,9.5,25.7,0.5,35.5,27.0,8.8,9.5,25.7,0.5,4.7,3.7,1.1,1.2,3.6,0.0,0.0,0.0,0.0,0.0,0.0,0.0,16.6,12.4,4.3,4.7,11.6,0.4,14.2,10.9,3.5,3.7,10.5,0.1,0.0,0.0,0.0,0.0,0.0,0.0,0.0,0.0,0.0,0.0,0.0,0.0
215,T,,,,,,,,,,,,,,,,,,,,,,,,,,,,,,,,,,,,,,,,,,,,,,,,,,,,,,,,,,,,,,,,,,
216,T,,,,,,,,,,,,,,,,,,,,,,,,,,,,,,,,,,,,,,,,,,,,,,,,,,,,,,,,,,,,,,,,,,
217,C,13959.2,9756.8,4324.8,4325.6,8011.6,1729.8,13551.9,9502.5,4167.5,4167.6,7800.3,1688.1,13353.2,9328.0,4142.3,4142.3,7626.6,1688.1,198.8,174.5,25.3,25.3,173.7,0.0,198.8,174.5,25.3,25.3,173.7,0.0,8.6,8.3,0.4,0.4,8.3,0.0,0.0,0.0,0.0,0.0,0.0,0.0,133.9,120.3,14.3,14.0,120.1,0.0,56.2,46.0,10.6,11.0,45.4,0.0,0.0,0.0,0.0,0.0,0.0,0.0,0.0,0.0,0.0,0.0,0.0,0.0
218,G,,,,,,,,,,,,,,,,,,,,,,,,,,,,,,,,,,,,,,,,,,,,,,,,,,,,,,,,,,,,,,,,,,
219,G,,,,,,,,,,,,,,,,,,,,,,,,,,,,,,,,,,,,,,,,,,,,,,,,,,,,,,,,,,,,,,,,,,
220,G,,,,,,,,,,,,,,,,,,,,,,,,,,,,,,,,,,,,,,,,,,,,,,,,,,,,,,,,,,,,,,,,,,
221,G,,,,,,,,,,,,,,,,,,,,,,,,,,,,,,,,,,,,,,,,,,,,,,,,,,,,,,,,,,,,,,,,,,
222,T,,,,,,,,,,,,,,,,,,,,,,,,,,,,,,,,,,,,,,,,,,,,,,,,,,,,,,,,,,,,,,,,,,
223,A,13959.2,9756.8,4324.8,4325.6,8011.6,1729.8,13564.8,9489.5,4194.1,4194.6,7795.9,1678.9,13441.7,9388.5,4171.5,4169.3,7721.0,1655.4,123.1,101.0,22.6,25.3,74.9,23.5,123.1,101.0,22.6,25.3,74.9,23.5,0.0,0.0,0.0,0.0,0.0,0.0,29.7,21.8,8.1,9.5,16.2,4.2,51.7,44.5,7.3,7.9,31.9,12.1,41.8,34.7,7.2,7.8,26.9,7.3,0.0,0.0,0.0,0.0,0.0,0.0,0.0,0.0,0.0,0.0,0.0,0.0
224,C,13959.2,9756.8,4324.8,4325.6,8011.6,1729.8,13502.3,9433.7,4187.1,4186.6,7745.2,1674.9,13234.9,9298.3,4051.9,4050.6,7641.7,1643.9,267.5,135.4,135.2,136.0,103.4,31.0,267.5,135.4,135.2,136.0,103.4,31.0,95.7,75.6,20.8,21.6,59.7,15.1,0.0,0.0,0.0,0.0,0.0,0.0,100.0,23.9,77.7,78.4,19.6,3.5,71.8,35.9,36.7,36.0,24.2,12.4,0.0,0.0,0.0,0.0,0.0,0.0,0.0,0.0,0.0,0.0,0.0,0.0
225,G,,,,,,,,,,,,,,,,,,,,,,,,,,,,,,,,,,,,,,,,,,,,,,,,,,,,,,,,,,,,,,,,,,
226,T,,,,,,,,,,,,,,,,,,,,,,,,,,,,,,,,,,,,,,,,,,,,,,,,,,,,,,,,,,,,,,,,,,
227,T,,,,,,,,,,,,,,,,,,,,,,,,,,,,,,,,,,,,,,,,,,,,,,,,,,,,,,,,,,,,,,,,,,
228,T,,,,,,,,,,,,,,,,,,,,,,,,,,,,,,,,,,,,,,,,,,,,,,,,,,,,,,,,,,,,,,,,,,
229,T,,,,,,,,,,,,,,,,,,,,,,,,,,,,,,,,,,,,,,,,,,,,,,,,,,,,,,,,,,,,,,,,,,
230,G,,,,,,,,,,,,,,,,,,,,,,,,,,,,,,,,,,,,,,,,,,,,,,,,,,,,,,,,,,,,,,,,,,
231,G,,,,,,,,,,,,,,,,,,,,,,,,,,,,,,,,,,,,,,,,,,,,,,,,,,,,,,,,,,,,,,,,,,
232,C,13959.2,9756.8,4324.8,4325.6,8011.6,1729.8,13472.2,9408.1,4182.4,4183.7,7725.8,1666.8,12967.0,8895.7,4182.0,4183.7,7369.2,1508.8,505.2,512.4,0.4,0.0,356.6,158.0,505.2,512.4,0.4,0.0,356.6,158.0,307.8,312.2,0.2,0.0,217.5,96.0,0.0,0.0,0.0,0.0,0.0,0.0,52.4,53.2,0.0,0.0,36.9,16.5,145.0,147.0,0.1,0.0,102.2,45.5,0.0,0.0,0.0,0.0,0.0,0.0,0.0,0.0,0.0,0.0,0.0,0.0
233,G,,,,,,,,,,,,,,,,,,,,,,,,,,,,,,,,,,,,,,,,,,,,,,,,,,,,,,,,,,,,,,,,,,
234,T,,,,,,,,,,,,,,,,,,,,,,,,,,,,,,,,,,,,,,,,,,,,,,,,,,,,,,,,,,,,,,,,,,
235,A,13959.2,9756.8,4324.8,4325.6,8011.6,1729.8,13627.3,9552.1,4194.2,4194.8,7847.2,1690.0,13138.0,9077.6,4167.8,4168.3,7482.6,1578.4,489.3,474.4,26.4,26.5,364.5,111.6,489.3,474.4,26.4,26.5,364.5,111.6,0.0,0.0,0.0,0.0,0.0,0.0,52.7,52.5,1.5,1.7,44.5,7.6,122.6,116.4,9.0,8.7,85.1,32.4,314.0,305.5,15.9,16.2,234.9,71.5,0.0,0.0,0.0,0.0,0.0,0.0,0.0,0.0,0.0,0.0,0.0,0.0
236,G,,,,,,,,,,,,,,,,,,,,,,,,,,,,,,,,,,,,,,,,,,,,,,,,,,,,,,,,,,,,,,,,,,
237,A,13959.2,9756.8,4324.8,4325.6,8011.6,1729.8,13598.3,9529.7,4187.3,4186.4,7834.7,1681.5,13255.9,9214.8,4155.3,4152.9,7608.4,1593.6,342.4,314.9,32.0,33.5,226.2,87.9,342.4,314.9,32.0,33.5,226.2,87.9,0.0,0.0,0.0,0.0,0.0,0.0,93.7,86.2,8.7,8.9,58.0,28.4,25.7,21.0,4.9,5.2,12.9,8.0,223.1,207.6,18.4,19.4,155.3,51.6,0.0,0.0,0.0,0.0,0.0,0.0,0.0,0.0,0.0,0.0,0.0,0.0
238,T,,,,,,,,,,,,,,,,,,,,,,,,,,,,,,,,,,,,,,,,,,,,,,,,,,,,,,,,,,,,,,,,,,
239,T,,,,,,,,,,,,,,,,,,,,,,,,,,,,,,,,,,,,,,,,,,,,,,,,,,,,,,,,,,,,,,,,,,
240,G,,,,,,,,,,,,,,,,,,,,,,,,,,,,,,,,,,,,,,,,,,,,,,,,,,,,,,,,,,,,,,,,,,
241,T,,,,,,,,,,,,,,,,,,,,,,,,,,,,,,,,,,,,,,,,,,,,,,,,,,,,,,,,,,,,,,,,,,
242,G,,,,,,,,,,,,,,,,,,,,,,,,,,,,,,,,,,,,,,,,,,,,,,,,,,,,,,,,,,,,,,,,,,
243,G,,,,,,,,,,,,,,,,,,,,,,,,,,,,,,,,,,,,,,,,,,,,,,,,,,,,,,,,,,,,,,,,,,
244,C,13959.2,9756.8,4324.8,4325.6,8011.6,1729.8,13088.5,9072.0,4132.8,4135.6,7466.7,1588.5,12996.2,9016.4,4095.8,4099.1,7423.9,1574.9,92.3,55.7,37.0,36.5,42.8,13.6,92.3,55.7,37.0,36.5,42.8,13.6,25.1,9.9,15.0,15.0,8.7,1.2,0.0,0.0,0.0,0.0,0.0,0.0,60.4,41.1,19.8,19.3,30.5,11.4,6.8,4.7,2.2,2.2,3.7,1.0,0.0,0.0,0.0,0.0,0.0,0.0,0.0,0.0,0.0,0.0,0.0,0.0
245,A,13959.2,9756.8,4324.8,4325.6,8011.6,1729.8,13573.5,9511.1,4180.9,4179.7,7806.0,1692.2,13218.0,9173.0,4158.9,4157.7,7586.0,1571.2,355.5,338.1,22.0,22.0,220.0,121.0,355.5,338.1,22.0,22.0,220.0,121.0,0.0,0.0,0.0,0.0,0.0,0.0,102.9,98.3,5.9,6.1,60.3,38.8,221.4,213.0,11.2,11.0,138.0,77.2,31.3,26.9,4.8,4.9,21.7,5.0,0.0,0.0,0.0,0.0,0.0,0.0,0.0,0.0,0.0,0.0,0.0,0.0
246,G,,,,,,,,,,,,,,,,,,,,,,,,,,,,,,,,,,,,,,,,,,,,,,,,,,,,,,,,,,,,,,,,,,
247,A,13959.2,9756.8,4324.8,4325.6,8011.6,1729.8,13585.3,9520.7,4183.1,4183.9,7814.2,1691.7,13147.7,9079.7,4173.3,4173.9,7501.9,1561.5,437.6,441.0,9.8,10.0,312.3,130.3,437.6,441.0,9.8,10.0,312.3,130.3,0.0,0.0,0.0,0.0,0.0,0.0,292.5,297.3,4.3,4.5,208.6,89.6,112.1,113.5,2.0,2.2,82.1,31.5,33.0,30.3,3.5,3.3,21.5,9.2,0.0,0.0,0.0,0.0,0.0,0.0,0.0,0.0,0.0,0.0,0.0,0.0
248,T,,,,,,,,,,,,,,,,,,,,,,,,,,,,,,,,,,,,,,,,,,,,,,,,,,,,,,,,,,,,,,,,,,
249,A,13959.2,9756.8,4324.8,4325.6,8011.6,1729.8,13687.7,9599.8,4207.2,4209.2,7881.5,1702.1,13008.0,8941.6,4174.7,4174.3,7326.6,1602.6,679.7,658.3,32.5,34.9,554.9,99.5,679.7,658.3,32.5,34.9,554.9,99.5,0.0,0.0,0.0,0.0,0.0,0.0,308.4,298.2,15.2,15.9,270.4,25.6,48.2,41.6,7.3,7.9,39.6,1.1,323.0,318.5,10.0,11.0,244.9,72.8,0.0,0.0,0.0,0.0,0.0,0.0,0.0,0.0,0.0,0.0,0.0,0.0
250,C,13959.2,9756.8,4324.8,4325.6,8011.6,1729.8,13502.3,9430.8,4190.1,4188.5,7735.4,1683.0,13374.9,9313.5,4176.6,4174.7,7629.7,1672.3,127.4,117.3,13.5,13.9,105.7,10.7,127.4,117.3,13.5,13.9,105.7,10.7,54.9,45.9,10.1,10.5,43.1,2.1,0.0,0.0,0.0,0.0,0.0,0.0,23.4,22.9,1.2,1.4,20.6,2.0,49.1,48.5,2.2,2.0,42.0,6.5,0.0,0.0,0.0,0.0,0.0,0.0,0.0,0.0,0.0,0.0,0.0,0.0
251,G,,,,,,,,,,,,,,,,,,,,,,,,,,,,,,,,,,,,,,,,,,,,,,,,,,,,,,,,,,,,,,,,,,
252,C,13959.2,9756.8,4324.8,4325.6,8011.6,1729.8,13454.9,9400.2,4172.8,4175.6,7719.8,1663.5,13438.9,9387.1,4169.6,4171.4,7708.4,1663.0,16.0,13.1,3.1,4.3,11.4,0.5,16.0,13.1,3.1,4.3,11.4,0.5,4.6,3.8,0.8,0.8,3.8,0.0,0.0,0.0,0.0,0.0,0.0,0.0,5.7,4.2,1.6,2.1,3.3,0.3,5.7,5.1,0.7,1.3,4.4,0.1,0.0,0.0,0.0,0.0,0.0,0.0,0.0,0.0,0.0,0.0,0.0,0.0
253,G,,,,,,,,,,,,,,,,,,,,,,,,,,,,,,,,,,,,,,,,,,,,,,,,,,,,,,,,,,,,,,,,,,
254,T,,,,,,,,,,,,,,,,,,,,,,,,,,,,,,,,,,,,,,,,,,,,,,,,,,,,,,,,,,,,,,,,,,
255,G,,,,,,,,,,,,,,,,,,,,,,,,,,,,,,,,,,,,,,,,,,,,,,,,,,,,,,,,,,,,,,,,,,
256,A,13959.2,9756.8,4324.8,4325.6,8011.6,1729.8,13605.8,9490.8,4234.7,4235.1,7798.5,1677.5,13324.8,9271.5,4171.8,4174.5,7578.2,1677.5,281.0,219.3,62.8,60.6,220.3,0.0,281.0,219.3,62.8,60.6,220.3,0.0,0.0,0.0,0.0,0.0,0.0,0.0,63.7,38.6,26.0,26.1,38.3,0.0,1.1,1.1,0.0,0.0,1.1,0.0,216.2,179.6,36.8,34.5,180.9,0.0,0.0,0.0,0.0,0.0,0.0,0.0,0.0,0.0,0.0,0.0,0.0,0.0
257,T,,,,,,,,,,,,,,,,,,,,,,,,,,,,,,,,,,,,,,,,,,,,,,,,,,,,,,,,,,,,,,,,,,
258,C,13959.2,9756.8,4324.8,4325.6,8011.6,1729.8,13457.1,9449.3,4124.8,4126.5,7765.7,1667.9,13287.4,9406.4,3991.4,3993.4,7731.8,1658.8,169.7,42.9,133.4,133.1,33.9,9.1,169.7,42.9,133.4,133.1,33.9,9.1,31.5,21.3,10.5,10.6,16.8,4.4,0.0,0.0,0.0,0.0,0.0,0.0,123.6,13.5,116.1,115.7,10.4,3.3,14.6,8.1,6.8,6.8,6.8,1.4,0.0,0.0,0.0,0.0,0.0,0.0,0.0,0.0,0.0,0.0,0.0,0.0
259,C,13959.2,9756.8,4324.8,4325.6,8011.6,1729.8,13700.6,9534.2,4287.4,4289.2,7826.0,1692.1,13612.0,9511.3,4217.6,4219.2,7805.7,1689.9,88.6,22.9,69.8,70.0,20.3,2.3,88.6,22.9,69.8,70.0,20.3,2.3,23.9,14.8,9.4,9.4,13.9,0.9,0.0,0.0,0.0,0.0,0.0,0.0,60.2,6.0,57.8,57.7,4.7,1.3,4.5,2.1,2.6,2.9,1.7,0.0,0.0,0.0,0.0,0.0,0.0,0.0,0.0,0.0,0.0,0.0,0.0,0.0
260,A,13959.2,9756.8,4324.8,4325.6,8011.6,1729.8,13450.6,9443.6,4124.1,4123.4,7756.9,1673.3,13241.5,9414.1,3936.4,3935.1,7735.6,1666.0,209.1,29.5,187.6,188.4,21.3,7.3,209.1,29.5,187.6,188.4,21.3,7.3,0.0,0.0,0.0,0.0,0.0,0.0,99.0,14.9,87.9,88.1,11.6,2.9,18.9,6.0,13.5,13.8,3.9,1.8,91.2,8.6,86.3,86.5,5.8,2.5,0.0,0.0,0.0,0.0,0.0,0.0,0.0,0.0,0.0,0.0,0.0,0.0
261,G,,,,,,,,,,,,,,,,,,,,,,,,,,,,,,,,,,,,,,,,,,,,,,,,,,,,,,,,,,,,,,,,,,
262,A,13959.2,9756.8,4324.8,4325.6,8011.6,1729.8,13529.3,9481.1,4166.3,4166.1,7790.2,1676.9,13465.5,9439.8,4143.0,4142.8,7752.5,1673.6,63.8,41.2,23.3,23.3,37.7,3.3,63.8,41.2,23.3,23.3,37.7,3.3,0.0,0.0,0.0,0.0,0.0,0.0,31.9,20.5,11.8,12.5,17.7,2.1,5.7,3.0,2.8,2.8,2.9,0.1,26.2,17.8,8.7,8.0,17.2,1.1,0.0,0.0,0.0,0.0,0.0,0.0,0.0,0.0,0.0,0.0,0.0,0.0
263,C,13959.2,9756.8,4324.8,4325.6,8011.6,1729.8,13336.4,9314.6,4138.8,4140.8,7650.0,1648.7,13214.6,9205.4,4126.5,4128.0,7544.7,1646.0,121.8,109.2,12.3,12.8,105.3,2.7,121.8,109.2,12.3,12.8,105.3,2.7,25.0,17.2,8.1,8.2,16.7,0.2,0.0,0.0,0.0,0.0,0.0,0.0,30.7,28.4,2.2,2.2,26.1,2.2,66.0,63.6,2.0,2.3,62.5,0.3,0.0,0.0,0.0,0.0,0.0,0.0,0.0,0.0,0.0,0.0,0.0,0.0
264,T,,,,,,,,,,,,,,,,,,,,,,,,,,,,,,,,,,,,,,,,,,,,,,,,,,,,,,,,,,,,,,,,,,
265,C,13959.2,9756.8,4324.8,4325.6,8011.6,1729.8,13309.5,9272.1,4154.7,4155.7,7626.6,1630.2,12971.5,8960.2,4129.0,4132.9,7401.1,1541.4,338.0,311.9,25.7,22.8,225.5,88.8,338.0,311.9,25.7,22.8,225.5,88.8,23.3,17.8,5.6,5.7,14.9,2.8,0.0,0.0,0.0,0.0,0.0,0.0,221.6,208.1,13.1,10.9,148.2,61.8,93.1,86.0,7.0,6.2,62.4,24.2,0.0,0.0,0.0,0.0,0.0,0.0,0.0,0.0,0.0,0.0,0.0,0.0
266,C,13959.2,9756.8,4324.8,4325.6,8011.6,1729.8,13655.4,9518.7,4256.9,4257.4,7808.4,1695.7,13515.8,9481.2,4151.8,4150.5,7775.9,1692.7,139.5,37.6,105.1,106.9,32.5,3.0,139.5,37.6,105.1,106.9,32.5,3.0,45.4,14.8,31.6,32.3,11.7,2.2,0.0,0.0,0.0,0.0,0.0,0.0,15.9,7.0,9.2,9.3,6.7,0.1,78.3,15.8,64.3,65.4,14.0,0.6,0.0,0.0,0.0,0.0,0.0,0.0,0.0,0.0,0.0,0.0,0.0,0.0
267,T,,,,,,,,,,,,,,,,,,,,,,,,,,,,,,,,,,,,,,,,,,,,,,,,,,,,,,,,,,,,,,,,,,
268,C,13959.2,9756.8,4324.8,4325.6,8011.6,1729.8,13438.8,9364.2,4193.0,4194.2,7680.3,1668.8,13369.6,9347.3,4138.5,4138.2,7665.2,1668.7,69.2,16.8,54.5,56.0,15.1,0.1,69.2,16.8,54.5,56.0,15.1,0.1,4.5,1.4,3.3,3.3,1.4,0.0,0.0,0.0,0.0,0.0,0.0,0.0,54.5,12.4,43.7,45.1,10.8,0.1,10.2,3.0,7.5,7.6,2.8,0.0,0.0,0.0,0.0,0.0,0.0,0.0,0.0,0.0,0.0,0.0,0.0,0.0
269,C,13959.2,9756.8,4324.8,4325.6,8011.6,1729.8,13615.5,9491.8,4243.5,4244.6,7787.3,1689.3,13446.4,9476.7,4082.9,4083.7,7774.9,1687.1,169.1,15.1,160.7,161.0,12.5,2.2,169.1,15.1,160.7,161.0,12.5,2.2,5.5,2.7,2.9,2.8,2.3,0.4,0.0,0.0,0.0,0.0,0.0,0.0,20.9,1.6,20.1,20.1,0.7,0.9,142.8,10.8,137.6,138.0,9.5,0.8,0.0,0.0,0.0,0.0,0.0,0.0,0.0,0.0,0.0,0.0,0.0,0.0
270,G,,,,,,,,,,,,,,,,,,,,,,,,,,,,,,,,,,,,,,,,,,,,,,,,,,,,,,,,,,,,,,,,,,
271,A,13959.2,9756.8,4324.8,4325.6,8011.6,1729.8,13549.8,9475.6,4192.9,4192.8,7779.3,1682.2,13492.8,9430.9,4180.4,4179.8,7741.7,1675.6,57.0,44.6,12.5,13.0,37.6,6.6,57.0,44.6,12.5,13.0,37.6,6.6,0.0,0.0,0.0,0.0,0.0,0.0,13.2,12.2,0.8,0.9,10.7,1.4,2.2,2.1,0.0,0.0,2.1,0.0,41.7,30.3,11.7,12.0,24.8,5.1,0.0,0.0,0.0,0.0,0.0,0.0,0.0,0.0,0.0,0.0,0.0,0.0
272,G,,,,,,,,,,,,,,,,,,,,,,,,,,,,,,,,,,,,,,,,,,,,,,,,,,,,,,,,,,,,,,,,,,
273,T,,,,,,,,,,,,,,,,,,,,,,,,,,,,,,,,,,,,,,,,,,,,,,,,,,,,,,,,,,,,,,,,,,
274,G,,,,,,,,,,,,,,,,,,,,,,,,,,,,,,,,,,,,,,,,,,,,,,,,,,,,,,,,,,,,,,,,,,
275,C,13959.2,9756.8,4324.8,4325.6,8011.6,1729.8,13506.7,9451.3,4173.5,4174.4,7759.4,1677.0,13332.6,9393.4,4055.4,4056.0,7713.9,1665.0,174.1,57.9,118.2,118.3,45.5,12.1,174.1,57.9,118.2,118.3,45.5,12.1,33.7,13.0,21.1,21.0,10.1,2.9,0.0,0.0,0.0,0.0,0.0,0.0,83.8,30.8,53.9,54.4,24.5,5.7,56.6,14.0,43.2,42.9,10.8,3.5,0.0,0.0,0.0,0.0,0.0,0.0,0.0,0.0,0.0,0.0,0.0,0.0
276,G,,,,,,,,,,,,,,,,,,,,,,,,,,,,,,,,,,,,,,,,,,,,,,,,,,,,,,,,,,,,,,,,,,
277,C,13959.2,9756.8,4324.8,4325.6,8011.6,1729.8,13749.1,9663.3,4205.3,4204.8,7935.7,1713.7,13614.9,9531.3,4203.4,4203.2,7832.7,1684.5,134.3,132.0,1.8,1.6,102.9,29.3,134.3,132.0,1.8,1.6,102.9,29.3,0.0,0.0,0.0,0.0,0.0,0.0,0.0,0.0,0.0,0.0,0.0,0.0,99.3,97.7,1.2,1.1,76.4,21.5,34.9,34.2,0.6,0.5,26.5,7.8,0.0,0.0,0.0,0.0,0.0,0.0,0.0,0.0,0.0,0.0,0.0,0.0
278,T,,,,,,,,,,,,,,,,,,,,,,,,,,,,,,,,,,,,,,,,,,,,,,,,,,,,,,,,,,,,,,,,,,
279,T,,,,,,,,,,,,,,,,,,,,,,,,,,,,,,,,,,,,,,,,,,,,,,,,,,,,,,,,,,,,,,,,,,
280,G,,,,,,,,,,,,,,,,,,,,,,,,,,,,,,,,,,,,,,,,,,,,,,,,,,,,,,,,,,,,,,,,,,
