Position,Base,Covered,Informed,Matched,Mutated,Subbed,Subbed-A,Subbed-C,Subbed-G,Subbed-T,Deleted,Inserted
1,A,30270.7,29272.1,29272.1,0.0,0.0,0.0,0.0,0.0,0.0,0.0,0.0
2,G,,,,,,,,,,,
3,T,,,,,,,,,,,
4,C,33511.2,32590.9,31789.4,801.6,801.6,278.2,0.0,96.1,427.3,0.0,0.0
5,C,33723.3,32626.8,32503.7,123.1,123.1,44.5,0.0,6.8,71.8,0.0,0.0
6,T,,,,,,,,,,,
7,A,34134.5,32447.3,32068.4,378.9,378.9,0.0,41.0,20.5,317.5,0.0,0.0
8,C,34411.9,33765.7,33399.8,365.9,365.9,134.3,0.0,40.3,191.4,0.0,0.0
9,T,,,,,,,,,,,
10,C,34796.9,33204.4,32996.1,208.3,208.3,60.5,0.0,20.2,127.7,0.0,0.0
11,C,34996.0,33795.1,33536.9,258.2,258.2,96.4,0.0,37.9,124.0,0.0,0.0
12,T,,,,,,,,,,,
13,G,,,,,,,,,,,
14,A,36232.8,34545.7,33189.2,1356.5,1356.5,0.0,166.5,442.7,747.3,0.0,0.0
15,C,36676.6,35687.8,34540.5,1147.3,1147.3,538.3,0.0,208.9,400.1,0.0,0.0
16,C,36918.1,35244.0,34408.2,835.8,835.8,371.5,0.0,178.6,285.8,0.0,0.0
17,A,37619.7,34999.3,34186.3,813.0,813.0,0.0,62.5,47.8,702.6,0.0,0.0
18,G,,,,,,,,,,,
19,G,,,,,,,,,,,
20,A,38872.8,37045.4,35984.0,1061.4,1061.4,0.0,103.8,70.3,887.3,0.0,0.0
21,T,,,,,,,,,,,
22,T,,,,,,,,,,,
23,C,39306.9,37779.6,37589.5,190.1,190.1,74.7,0.0,23.8,91.7,0.0,0.0
24,T,,,,,,,,,,,
25,T,,,,,,,,,,,
26,A,40106.4,35984.8,35581.4,403.3,403.3,0.0,45.9,23.0,334.5,0.0,0.0
27,T,,,,,,,,,,,
28,G,,,,,,,,,,,
29,G,,,,,,,,,,,
30,A,41940.4,40024.8,39395.7,629.1,629.1,0.0,136.0,224.4,268.7,0.0,0.0
31,G,,,,,,,,,,,
32,G,,,,,,,,,,,
33,A,42518.0,40305.4,38638.6,1666.9,1666.9,0.0,340.7,260.6,1065.6,0.0,0.0
34,G,,,,,,,,,,,
35,C,42684.4,41346.4,40978.4,368.1,368.1,153.7,0.0,85.8,128.7,0.0,0.0
36,T,,,,,,,,,,,
37,T,,,,,,,,,,,
38,C,42860.6,37959.1,36106.8,1852.3,1852.3,773.2,0.0,266.5,812.6,0.0,0.0
39,T,,,,,,,,,,,
40,G,,,,,,,,,,,
41,T,,,,,,,,,,,
42,G,,,,,,,,,,,
43,T,,,,,,,,,,,
44,G,,,,,,,,,,,
45,T,,,,,,,,,,,
46,C,43852.7,42707.3,42596.0,111.3,111.3,45.8,0.0,9.8,55.6,0.0,0.0
47,T,,,,,,,,,,,
48,C,44068.1,42984.6,42859.7,124.9,124.9,48.6,0.0,20.8,55.5,0.0,0.0
49,T,,,,,,,,,,,
50,A,44560.8,42452.7,40031.2,2421.5,2421.5,0.0,13.1,45.8,2362.6,0.0,0.0
51,T,,,,,,,,,,,
52,T,,,,,,,,,,,
53,G,,,,,,,,,,,
54,T,,,,,,,,,,,
55,A,46166.4,44453.1,43995.5,457.7,457.7,0.0,138.3,32.9,286.5,0.0,0.0
56,G,,,,,,,,,,,
57,A,46776.6,44972.0,44562.0,410.1,410.1,0.0,86.7,146.7,176.7,0.0,0.0
58,G,,,,,,,,,,,
59,C,47027.9,45934.7,45678.2,256.5,256.5,86.6,0.0,70.0,99.9,0.0,0.0
60,A,47168.2,45624.7,45364.1,260.5,260.5,0.0,106.9,30.1,123.6,0.0,0.0
61,C,47282.5,46225.1,46097.9,127.2,127.2,33.5,0.0,16.7,77.0,0.0,0.0
62,A,47517.4,45918.4,45767.8,150.6,150.6,0.0,16.7,36.8,97.1,0.0,0.0
63,C,47716.5,46744.0,46605.3,138.7,138.7,27.1,0.0,47.4,64.3,0.0,0.0
64,A,48046.1,46221.9,45820.4,401.4,401.4,0.0,87.0,20.1,294.4,0.0,0.0
65,T,,,,,,,,,,,
66,A,48669.4,44100.7,43356.4,744.3,744.3,0.0,48.7,41.7,653.9,0.0,0.0
67,G,,,,,,,,,,,
68,C,49194.8,47553.3,47278.6,274.7,274.7,111.4,0.0,66.8,96.5,0.0,0.0
69,A,49537.4,47625.1,45248.4,2376.7,2376.7,0.0,674.0,152.5,1550.2,0.0,0.0
70,C,49938.8,48698.7,47148.6,1550.2,1550.2,641.5,0.0,206.7,702.0,0.0,0.0
71,A,50496.8,48339.8,46705.7,1634.1,1634.1,0.0,153.1,57.0,1424.0,0.0,0.0
72,T,,,,,,,,,,,
73,C,50979.8,46995.3,46870.9,124.4,124.4,35.5,0.0,17.8,71.1,0.0,0.0
74,C,51208.2,48858.6,48806.9,51.8,51.8,27.6,0.0,6.9,17.3,0.0,0.0
75,A,52099.1,49247.0,48145.4,1101.6,1101.6,0.0,36.8,63.6,1001.1,0.0,0.0
76,G,,,,,,,,,,,
77,G,,,,,,,,,,,
78,A,54331.3,50973.3,49788.1,1185.2,1185.2,0.0,251.5,406.5,527.1,0.0,0.0
79,A,54948.0,50108.5,48483.5,1625.0,1625.0,0.0,240.3,240.3,1144.5,0.0,0.0
80,G,,,,,,,,,,,
81,T,,,,,,,,,,,
82,G,,,,,,,,,,,
83,T,,,,,,,,,,,
84,A,57340.0,54807.7,53658.4,1149.3,1149.3,0.0,181.1,141.6,826.6,0.0,0.0
85,G,,,,,,,,,,,
86,G,,,,,,,,,,,
87,A,59151.2,55293.9,54734.1,559.8,559.8,0.0,101.8,279.9,178.1,0.0,0.0
88,A,59330.7,53430.6,51105.8,2324.8,2324.8,0.0,247.6,409.2,1667.9,0.0,0.0
89,A,59679.9,52445.0,50125.4,2319.6,2319.6,0.0,41.2,130.6,2147.8,0.0,0.0
90,T,,,,,,,,,,,
91,T,,,,,,,,,,,
92,T,,,,,,,,,,,
93,A,61040.7,57356.4,56498.0,858.4,858.4,0.0,117.8,70.7,669.9,0.0,0.0
94,G,,,,,,,,,,,
95,A,62104.5,58302.7,56494.7,1808.0,1808.0,0.0,188.7,784.8,834.5,0.0,0.0
96,T,,,,,,,,,,,
97,G,,,,,,,,,,,
98,G,,,,,,,,,,,
99,A,63856.9,59177.3,58096.8,1080.5,1080.5,0.0,298.3,301.6,480.6,0.0,0.0
100,C,64202.8,62140.4,61166.8,973.7,973.7,305.7,0.0,325.7,342.3,0.0,0.0
101,G,,,,,,,,,,,
102,T,,,,,,,,,,,
103,T,,,,,,,,,,,
104,G,,,,,,,,,,,
105,T,,,,,,,,,,,
106,C,66014.0,63524.1,63035.9,488.1,488.1,295.6,0.0,41.2,151.2,0.0,0.0
107,A,66728.7,63416.4,61426.6,1989.8,1989.8,0.0,473.1,87.2,1429.4,0.0,0.0
108,A,67642.4,62522.2,61213.1,1309.1,1309.1,0.0,50.9,105.1,1153.1,0.0,0.0
109,T,,,,,,,,,,,
110,T,,,,,,,,,,,
111,T,,,,,,,,,,,
112,A,68588.8,63266.3,62552.8,713.4,713.4,0.0,82.7,137.9,492.9,0.0,0.0
113,A,69055.4,62825.7,61278.7,1547.0,1547.0,0.0,268.6,258.4,1020.0,0.0,0.0
114,A,69580.8,64098.4,62138.4,1960.0,1960.0,0.0,405.5,365.0,1189.5,0.0,0.0
115,G,,,,,,,,,,,
116,G,,,,,,,,,,,
117,T,,,,,,,,,,,
118,T,,,,,,,,,,,
119,C,67746.8,65348.3,64144.1,1204.2,1204.2,195.8,0.0,39.2,969.2,0.0,0.0
120,T,,,,,,,,,,,
121,T,,,,,,,,,,,
122,T,,,,,,,,,,,
123,T,,,,,,,,,,,
124,G,,,,,,,,,,,
125,T,,,,,,,,,,,
126,G,,,,,,,,,,,
127,C,65837.8,63302.2,63000.0,302.1,302.1,68.7,0.0,72.1,161.4,0.0,0.0
128,A,64287.7,61784.7,61163.1,621.6,621.6,0.0,140.0,181.0,300.5,0.0,0.0
129,A,64232.2,60097.6,59233.5,864.1,864.1,0.0,129.1,164.9,570.1,0.0,0.0
130,A,64519.4,59702.7,57953.4,1749.3,1749.3,0.0,167.4,310.0,1271.9,0.0,0.0
131,T,,,,,,,,,,,
132,A,64421.5,60753.5,57565.5,3188.0,3188.0,0.0,376.5,304.0,2507.6,0.0,0.0
133,C,64359.5,62731.1,62142.7,588.4,588.4,228.6,0.0,157.4,202.4,0.0,0.0
134,C,64104.9,61458.4,60919.7,538.7,538.7,182.1,0.0,113.8,242.8,0.0,0.0
135,T,,,,,,,,,,,
136,A,63302.2,60427.2,57245.9,3181.2,3181.2,0.0,469.9,174.0,2537.3,0.0,0.0
137,C,63491.4,62222.0,59714.6,2507.4,2507.4,1151.6,0.0,218.3,1137.5,0.0,0.0
138,T,,,,,,,,,,,
139,A,63302.2,59989.9,59338.3,651.5,651.5,0.0,144.0,162.0,345.6,0.0,0.0
140,C,63354.4,61213.6,60753.8,459.8,459.8,148.7,0.0,89.9,221.3,0.0,0.0
141,G,,,,,,,,,,,
142,G,,,,,,,,,,,
143,A,63785.1,60831.8,60236.1,595.8,595.8,0.0,160.9,232.8,202.0,0.0,0.0
144,G,,,,,,,,,,,
145,A,62616.9,59183.8,58238.4,945.5,945.5,0.0,116.5,578.9,250.1,0.0,0.0
146,A,62385.2,57216.0,55712.2,1503.9,1503.9,0.0,182.8,238.0,1083.1,0.0,0.0
147,A,62381.9,57937.2,57082.7,854.5,854.5,0.0,144.8,202.8,506.9,0.0,0.0
148,G,,,,,,,,,,,
149,A,62359.1,57947.0,56853.2,1093.8,1093.8,0.0,181.7,433.8,474.6,0.0,0.0
150,C,62470.0,59056.6,55995.2,3061.4,3061.4,932.2,0.0,364.5,1764.7,0.0,0.0
151,C,62600.5,55532.2,54827.2,704.9,704.9,208.7,0.0,43.3,452.9,0.0,0.0
152,C,62594.0,57330.3,55313.6,2016.6,2016.6,611.9,0.0,469.5,935.2,0.0,0.0
153,C,62675.6,57562.0,52386.6,5175.4,5175.4,1771.5,0.0,1611.1,1792.8,0.0,0.0
154,G,,,,,,,,,,,
155,T,,,,,,,,,,,
156,T,,,,,,,,,,,
157,G,,,,,,,,,,,
158,G,,,,,,,,,,,
159,A,65501.6,62815.9,60248.3,2567.6,2567.6,0.0,337.3,91.7,2138.6,0.0,0.0
160,T,,,,,,,,,,,
161,T,,,,,,,,,,,
162,C,66089.0,63843.9,63605.7,238.1,238.1,81.6,0.0,51.0,105.5,0.0,0.0
163,T,,,,,,,,,,,
164,G,,,,,,,,,,,
165,T,,,,,,,,,,,
166,C,67221.4,64862.0,64591.6,270.4,270.4,113.5,0.0,46.7,106.8,0.0,0.0
167,T,,,,,,,,,,,
168,A,67782.7,65410.3,64150.9,1259.4,1259.4,0.0,121.7,115.1,1022.6,0.0,0.0
169,C,68360.3,65909.6,65674.2,235.4,235.4,50.4,0.0,47.1,137.9,0.0,0.0
170,G,,,,,,,,,,,
171,T,,,,,,,,,,,
172,A,69574.3,66614.4,66157.7,456.7,456.7,0.0,66.2,48.8,341.7,0.0,0.0
173,A,70390.1,62988.9,61344.1,1644.8,1644.8,0.0,111.7,181.6,1351.5,0.0,0.0
174,T,,,,,,,,,,,
175,A,71307.1,66196.7,63655.5,2541.3,2541.3,0.0,248.3,117.2,2175.8,0.0,0.0
176,A,72018.5,67035.4,65399.0,1636.4,1636.4,0.0,142.4,628.9,865.1,0.0,0.0
177,G,,,,,,,,,,,
178,G,,,,,,,,,,,
179,T,,,,,,,,,,,
180,T,,,,,,,,,,,
181,T,,,,,,,,,,,
182,G,,,,,,,,,,,
183,C,73516.4,70752.4,70594.2,158.2,158.2,26.4,0.0,9.9,121.9,0.0,0.0
184,A,73718.7,71662.8,71190.4,472.5,472.5,0.0,295.3,29.5,147.6,0.0,0.0
185,C,73921.0,72736.5,72502.7,233.7,233.7,82.3,0.0,16.5,135.0,0.0,0.0
186,T,,,,,,,,,,,
187,G,,,,,,,,,,,
188,T,,,,,,,,,,,
189,T,,,,,,,,,,,
190,T,,,,,,,,,,,
191,G,,,,,,,,,,,
192,C,74981.6,72384.0,71317.5,1066.5,1066.5,417.8,0.0,281.9,366.8,0.0,0.0
193,C,75001.2,71170.1,70477.1,693.0,693.0,232.1,0.0,140.0,320.9,0.0,0.0
194,A,74593.3,70801.3,68632.5,2168.8,2168.8,0.0,106.9,207.2,1854.7,0.0,0.0
195,G,,,,,,,,,,,
196,T,,,,,,,,,,,
197,G,,,,,,,,,,,
198,T,,,,,,,,,,,
199,T,,,,,,,,,,,
200,G,,,,,,,,,,,
201,G,,,,,,,,,,,
202,A,74038.5,70791.5,69120.7,1670.8,1670.8,0.0,218.6,215.4,1236.8,0.0,0.0
203,T,,,,,,,,,,,
204,T,,,,,,,,,,,
205,G,,,,,,,,,,,
206,G,,,,,,,,,,,
207,T,,,,,,,,,,,
208,T,,,,,,,,,,,
209,A,72589.6,67655.4,64806.6,2848.9,2848.9,0.0,287.2,212.1,2349.6,0.0,0.0
210,T,,,,,,,,,,,
211,G,,,,,,,,,,,
212,G,,,,,,,,,,,
213,A,72348.1,68226.5,65785.6,2441.0,2441.0,0.0,779.9,496.0,1165.0,0.0,0.0
214,T,,,,,,,,,,,
215,G,,,,,,,,,,,
216,T,,,,,,,,,,,
217,C,71101.5,68911.8,68509.6,402.2,402.2,114.0,0.0,97.2,191.0,0.0,0.0
218,A,71052.6,68298.3,66490.0,1808.4,1808.4,0.0,603.9,164.1,1040.4,0.0,0.0
219,G,,,,,,,,,,,
220,T,,,,,,,,,,,
221,G,,,,,,,,,,,
222,T,,,,,,,,,,,
223,G,,,,,,,,,,,
224,A,70625.1,67759.9,63377.7,4382.1,4382.1,0.0,164.0,918.4,3299.7,0.0,0.0
225,T,,,,,,,,,,,
226,T,,,,,,,,,,,
227,C,70386.9,67936.1,67561.0,375.1,375.1,141.5,0.0,38.9,194.6,0.0,0.0
228,A,70465.2,68373.4,67766.4,606.9,606.9,0.0,240.8,69.3,296.9,0.0,0.0
229,C,70527.2,69420.9,69010.5,410.5,410.5,151.8,0.0,55.2,203.5,0.0,0.0
230,T,,,,,,,,,,,
231,T,,,,,,,,,,,
232,A,70762.1,66330.5,63572.0,2758.5,2758.5,0.0,595.2,207.3,1956.1,0.0,0.0
233,G,,,,,,,,,,,
234,A,71121.1,67590.2,66743.1,847.1,847.1,0.0,136.4,376.9,333.8,0.0,0.0
235,C,71196.2,69792.9,69238.8,554.1,554.1,173.8,0.0,141.2,239.0,0.0,0.0
236,A,71248.4,67639.1,66652.8,986.3,986.3,0.0,332.2,110.7,543.3,0.0,0.0
237,A,71339.8,67531.4,65304.2,2227.2,2227.2,0.0,328.0,486.9,1412.3,0.0,0.0
238,C,71571.4,69597.1,69283.3,313.9,313.9,90.2,0.0,72.2,151.5,0.0,0.0
239,C,71591.0,68676.9,68414.4,262.5,262.5,181.2,0.0,29.6,51.8,0.0,0.0
240,A,71721.6,67975.3,66753.5,1221.7,1221.7,0.0,122.2,51.8,1047.7,0.0,0.0
241,A,72165.4,66911.4,65028.0,1883.4,1883.4,0.0,124.1,173.8,1585.4,0.0,0.0
242,A,72527.6,67342.2,65147.5,2194.7,2194.7,0.0,306.8,162.4,1725.4,0.0,0.0
243,A,73144.4,67110.5,65070.2,2040.3,2040.3,0.0,126.2,169.4,1744.7,0.0,0.0
244,T,,,,,,,,,,,
245,C,73353.2,71525.8,69634.3,1891.5,1891.5,203.5,0.0,56.1,1631.8,0.0,0.0
246,T,,,,,,,,,,,
247,T,,,,,,,,,,,
248,C,73532.7,70608.8,69601.7,1007.0,1007.0,431.6,0.0,110.4,465.0,0.0,0.0
249,T,,,,,,,,,,,
250,G,,,,,,,,,,,
251,T,,,,,,,,,,,
252,T,,,,,,,,,,,
253,C,72847.4,68621.4,66575.1,2046.3,2046.3,1221.7,0.0,191.8,632.7,0.0,0.0
254,A,72501.5,69218.6,67897.2,1321.4,1321.4,0.0,467.8,58.0,795.6,0.0,0.0
255,A,72560.2,67802.3,66927.8,874.5,874.5,0.0,76.3,111.0,687.1,0.0,0.0
256,T,,,,,,,,,,,
257,C,72400.3,70585.9,70341.2,244.7,244.7,88.4,0.0,47.6,108.8,0.0,0.0
258,A,72224.1,69740.7,69054.6,686.1,686.1,0.0,235.3,86.2,364.6,0.0,0.0
259,G,,,,,,,,,,,
260,T,,,,,,,,,,,
261,T,,,,,,,,,,,
262,G,,,,,,,,,,,
263,C,71891.3,70093.2,69721.1,372.0,372.0,146.9,0.0,55.5,169.7,0.0,0.0
264,T,,,,,,,,,,,
265,G,,,,,,,,,,,
266,G,,,,,,,,,,,
267,A,72103.4,68543.1,64159.0,4384.1,4384.1,0.0,732.3,587.2,3064.6,0.0,0.0
268,G,,,,,,,,,,,
269,C,71835.8,69606.9,69220.2,386.7,386.7,130.1,0.0,165.2,91.4,0.0,0.0
270,A,71343.0,69401.3,68983.2,418.2,418.2,0.0,154.6,49.2,214.4,0.0,0.0
271,T,,,,,,,,,,,
272,C,71137.4,69398.1,69179.0,219.1,219.1,79.7,0.0,29.9,109.6,0.0,0.0
273,T,,,,,,,,,,,
274,G,,,,,,,,,,,
275,A,71287.5,69270.8,68828.9,441.9,441.9,0.0,39.3,32.7,369.9,0.0,0.0
276,T,,,,,,,,,,,
277,T,,,,,,,,,,,
278,T,,,,,,,,,,,
279,T,,,,,,,,,,,
280,G,,,,,,,,,,,
281,A,72041.4,69757.0,67930.3,1826.8,1826.8,0.0,224.5,980.7,621.6,0.0,0.0
282,T,,,,,,,,,,,
283,A,72214.3,68595.3,65790.5,2804.8,2804.8,0.0,270.1,138.5,2396.2,0.0,0.0
284,A,72831.1,67368.3,66138.4,1229.9,1229.9,0.0,227.9,231.5,770.5,0.0,0.0
285,G,,,,,,,,,,,
286,A,72716.9,70106.2,68834.4,1271.8,1271.8,0.0,148.0,634.1,489.7,0.0,0.0
287,A,72729.9,67316.1,65928.0,1388.1,1388.1,0.0,238.3,210.6,939.2,0.0,0.0
288,T,,,,,,,,,,,
289,T,,,,,,,,,,,
290,A,70922.0,64682.6,63204.8,1477.7,1477.7,0.0,93.2,76.5,1308.0,0.0,0.0
291,T,,,,,,,,,,,
292,T,,,,,,,,,,,
293,T,,,,,,,,,,,
294,A,70262.9,64986.0,63310.4,1675.7,1675.7,0.0,205.6,155.2,1314.9,0.0,0.0
295,A,70419.5,64995.8,61797.0,3198.8,3198.8,0.0,507.3,537.6,2154.0,0.0,0.0
296,A,70765.4,63592.6,59345.6,4247.0,4247.0,0.0,405.0,1382.2,2459.8,0.0,0.0
297,C,70860.0,67404.2,62977.3,4426.9,4426.9,1413.6,0.0,1186.7,1826.5,0.0,0.0
298,G,,,,,,,,,,,
299,G,,,,,,,,,,,
300,G,,,,,,,,,,,
301,T,,,,,,,,,,,
302,A,59066.4,55731.2,50973.0,4758.2,4758.2,0.0,876.4,1038.6,2843.2,0.0,0.0
303,C,57783.9,55597.4,52317.2,3280.2,3280.2,1238.9,0.0,844.9,1192.8,0.0,0.0
304,G,,,,,,,,,,,
305,G,,,,,,,,,,,
306,G,,,,,,,,,,,
307,G,,,,,,,,,,,
308,T,,,,,,,,,,,
309,A,50829.7,49406.9,48190.1,1216.8,1216.8,0.0,220.6,92.5,903.7,0.0,0.0
310,G,,,,,,,,,,,
311,C,50496.8,48861.9,45878.7,2983.2,2983.2,1154.2,0.0,928.2,900.8,0.0,0.0
312,A,50754.6,49194.8,47877.7,1317.1,1317.1,0.0,351.5,46.2,919.5,0.0,0.0
313,G,,,,,,,,,,,
314,T,,,,,,,,,,,
315,G,,,,,,,,,,,
316,A,51283.3,48904.3,47204.1,1700.2,1700.2,0.0,287.3,594.6,818.4,0.0,0.0
317,G,,,,,,,,,,,
318,G,,,,,,,,,,,
319,C,50976.5,49560.3,48372.0,1188.2,1188.2,471.9,0.0,356.5,359.9,0.0,0.0
320,T,,,,,,,,,,,
321,C,50457.7,48587.8,48339.5,248.3,248.3,83.9,0.0,83.9,80.5,0.0,0.0
322,G,,,,,,,,,,,
323,G,,,,,,,,,,,
324,C,50049.8,49021.8,48791.5,230.3,230.3,90.1,0.0,30.0,110.2,0.0,0.0
325,T,,,,,,,,,,,
326,G,,,,,,,,,,,
327,A,50026.9,48333.2,47473.0,860.2,860.2,0.0,52.9,605.5,201.8,0.0,0.0
328,T,,,,,,,,,,,
329,A,50160.7,47644.7,47303.9,340.8,340.8,0.0,153.7,10.0,177.1,0.0,0.0
330,C,50389.1,49289.4,49181.7,107.7,107.7,33.7,0.0,13.5,60.6,0.0,0.0
331,C,50412.0,46851.7,46759.1,92.6,92.6,19.8,0.0,6.6,66.2,0.0,0.0
332,C,50542.5,47980.8,47901.4,79.4,79.4,33.1,0.0,13.2,33.1,0.0,0.0
333,C,50640.4,48764.0,48629.4,134.6,134.6,52.5,0.0,16.4,65.6,0.0,0.0
334,T,,,,,,,,,,,
335,T,,,,,,,,,,,
336,G,,,,,,,,,,,
337,C,51270.2,50304.3,50132.9,171.4,171.4,46.2,0.0,29.7,95.6,0.0,0.0
338,T,,,,,,,,,,,
339,A,51648.8,50255.3,49747.8,507.5,507.5,0.0,114.6,65.5,327.4,0.0,0.0
340,G,,,,,,,,,,,
341,T,,,,,,,,,,,
342,G,,,,,,,,,,,
343,G,,,,,,,,,,,
344,A,52529.9,49860.5,49185.0,675.5,675.5,0.0,202.3,195.8,277.4,0.0,0.0
345,T,,,,,,,,,,,
346,G,,,,,,,,,,,
347,T,,,,,,,,,,,
348,G,,,,,,,,,,,
349,A,52174.2,49599.4,48527.6,1071.8,1071.8,0.0,167.7,401.1,503.0,0.0,0.0
350,T,,,,,,,,,,,
351,C,51818.5,49390.6,49163.1,227.5,227.5,66.9,0.0,46.8,113.7,0.0,0.0
352,C,51717.3,49700.6,49546.5,154.1,154.1,75.3,0.0,24.0,54.8,0.0,0.0
353,T,,,,,,,,,,,
354,G,,,,,,,,,,,
355,A,52246.0,49942.1,48871.8,1070.3,1070.3,0.0,153.8,484.4,432.0,0.0,0.0
356,T,,,,,,,,,,,
357,G,,,,,,,,,,,
358,T,,,,,,,,,,,
359,T,,,,,,,,,,,
360,G,,,,,,,,,,,
361,T,,,,,,,,,,,
362,A,51573.7,49123.0,48732.2,390.8,390.8,0.0,66.8,60.1,263.9,0.0,0.0
363,A,51234.3,46982.2,46425.9,556.4,556.4,0.0,83.8,83.8,388.8,0.0,0.0
364,A,51351.8,48636.7,48066.9,569.9,569.9,0.0,90.5,80.4,398.9,0.0,0.0
365,G,,,,,,,,,,,
366,C,51315.9,48757.5,48392.6,364.9,364.9,135.2,0.0,101.4,128.4,0.0,0.0
367,G,,,,,,,,,,,
368,A,51495.4,49602.7,49022.6,580.0,580.0,0.0,36.5,271.8,271.8,0.0,0.0
369,G,,,,,,,,,,,
370,C,51798.9,50209.7,49974.4,235.3,235.3,72.9,0.0,49.7,112.7,0.0,0.0
371,C,51890.3,49889.9,49704.1,185.7,185.7,36.5,0.0,29.9,119.4,0.0,0.0
372,T,,,,,,,,,,,
373,T,,,,,,,,,,,
374,T,,,,,,,,,,,
375,G,,,,,,,,,,,
376,A,53688.4,51684.7,50836.2,848.5,848.5,0.0,97.9,368.8,381.8,0.0,0.0
377,T,,,,,,,,,,,
378,G,,,,,,,,,,,
379,T,,,,,,,,,,,
380,T,,,,,,,,,,,
381,T,,,,,,,,,,,
382,G,,,,,,,,,,,
383,T,,,,,,,,,,,
384,A,55212.4,53045.5,50407.2,2638.3,2638.3,0.0,226.9,109.8,2301.7,0.0,0.0
385,A,56276.2,50591.5,47739.3,2852.2,2852.2,0.0,128.6,265.0,2458.7,0.0,0.0
386,T,,,,,,,,,,,
387,A,56788.5,52650.6,48878.6,3772.1,3772.1,0.0,329.7,172.5,3269.9,0.0,0.0
388,A,57176.9,53727.5,50050.9,3676.7,3676.7,0.0,512.5,571.9,2592.2,0.0,0.0
389,G,,,,,,,,,,,
390,G,,,,,,,,,,,
391,A,56834.2,54272.5,53402.3,870.2,870.2,0.0,208.7,336.1,325.4,0.0,0.0
392,A,56413.3,51090.8,50513.4,577.4,577.4,0.0,134.8,114.1,328.4,0.0,0.0
393,T,,,,,,,,,,,
394,C,55803.0,54370.4,53913.0,457.4,457.4,165.4,0.0,59.8,232.2,0.0,0.0
395,A,55532.2,53570.9,51689.3,1881.6,1881.6,0.0,462.0,296.7,1122.9,0.0,0.0
396,G,,,,,,,,,,,
397,C,55169.9,53603.5,52823.6,779.9,779.9,316.7,0.0,218.0,245.2,0.0,0.0
398,T,,,,,,,,,,,
399,G,,,,,,,,,,,
400,G,,,,,,,,,,,
401,T,,,,,,,,,,,
402,A,52474.4,50092.2,49397.1,695.1,695.1,0.0,192.5,94.6,407.9,0.0,0.0
403,T,,,,,,,,,,,
404,G,,,,,,,,,,,
405,T,,,,,,,,,,,
406,T,,,,,,,,,,,
407,T,,,,,,,,,,,
408,C,52011.0,50291.2,50130.9,160.3,160.3,67.7,0.0,14.2,78.4,0.0,0.0
409,A,52591.9,49981.2,49498.3,482.9,482.9,0.0,129.3,87.5,266.2,0.0,0.0
410,A,53045.5,49139.3,48312.5,826.8,826.8,0.0,83.1,139.7,604.0,0.0,0.0
411,A,53211.9,49707.1,46375.4,3331.7,3331.7,0.0,322.4,365.4,2643.9,0.0,0.0
412,A,53730.8,49211.1,45798.5,3412.6,3412.6,0.0,89.1,96.2,3227.3,0.0,0.0
413,T,,,,,,,,,,,
414,T,,,,,,,,,,,
415,T,,,,,,,,,,,
416,G,,,,,,,,,,,
417,A,54598.8,51812.0,51388.0,423.9,423.9,0.0,79.5,172.2,172.2,0.0,0.0
418,A,54889.3,52275.4,51772.7,502.7,502.7,0.0,132.3,145.5,224.9,0.0,0.0
419,G,,,,,,,,,,,
420,C,55062.2,52151.3,51870.4,280.9,280.9,104.9,0.0,64.3,111.7,0.0,0.0
421,G,,,,,,,,,,,
422,T,,,,,,,,,,,
423,A,55316.8,53518.7,52487.1,1031.6,1031.6,0.0,121.4,30.3,879.9,0.0,0.0
424,A,55532.2,51730.4,50603.2,1127.2,1127.2,0.0,123.8,220.8,782.7,0.0,0.0
425,C,55685.5,54925.2,54586.0,339.2,339.2,106.0,0.0,38.9,194.3,0.0,0.0
426,T,,,,,,,,,,,
427,G,,,,,,,,,,,
428,C,56204.4,53326.1,51262.7,2063.4,2063.4,676.8,0.0,643.6,743.1,0.0,0.0
429,G,,,,,,,,,,,
430,C,56586.2,55421.2,54779.7,641.5,641.5,216.2,0.0,209.1,216.2,0.0,0.0
431,T,,,,,,,,,,,
432,A,57251.9,55545.2,53123.5,2421.8,2421.8,0.0,431.3,149.3,1841.2,0.0,0.0
433,G,,,,,,,,,,,
434,A,58087.4,56426.3,56088.3,338.0,338.0,0.0,23.9,54.6,259.5,0.0,0.0
435,T,,,,,,,,,,,
436,T,,,,,,,,,,,
437,C,58544.2,56651.5,56569.0,82.5,82.5,24.1,0.0,10.3,48.1,0.0,0.0
438,C,58821.6,56377.4,56213.6,163.8,163.8,71.7,0.0,17.1,75.1,0.0,0.0
439,A,59418.8,56808.1,54337.2,2470.9,2470.9,0.0,103.9,221.3,2145.7,0.0,0.0
440,G,,,,,,,,,,,
441,G,,,,,,,,,,,
442,A,60355.4,57956.8,56515.1,1441.7,1441.7,0.0,334.4,345.1,762.2,0.0,0.0
443,A,60466.3,55767.1,54157.5,1609.7,1609.7,0.0,407.7,495.6,706.4,0.0,0.0
444,C,60512.0,59363.3,57679.8,1683.5,1683.5,679.9,0.0,229.1,774.5,0.0,0.0
445,T,,,,,,,,,,,
446,A,60358.6,58012.3,56431.6,1580.7,1580.7,0.0,129.6,248.0,1203.1,0.0,0.0
447,C,60355.4,58185.3,56192.3,1992.9,1992.9,621.4,0.0,496.4,875.0,0.0,0.0
448,G,,,,,,,,,,,
449,C,59986.6,57271.5,54952.5,2319.0,2319.0,663.6,0.0,827.7,827.7,0.0,0.0
450,G,,,,,,,,,,,
451,A,59118.6,57062.7,56407.0,655.7,655.7,0.0,58.4,350.2,247.2,0.0,0.0
452,T,,,,,,,,,,,
453,A,57920.9,55760.6,55366.0,394.6,394.6,0.0,73.0,86.2,235.5,0.0,0.0
454,C,57790.4,56977.8,56681.9,295.9,295.9,131.1,0.0,53.8,111.0,0.0,0.0
455,T,,,,,,,,,,,
456,G,,,,,,,,,,,
457,A,57816.5,55081.8,54403.9,677.9,677.9,0.0,142.4,230.5,305.0,0.0,0.0
458,A,58110.2,54435.7,53512.7,923.0,923.0,0.0,265.1,389.3,268.5,0.0,0.0
459,G,,,,,,,,,,,
460,A,57813.2,54409.6,53522.9,886.6,886.6,0.0,120.9,473.5,292.2,0.0,0.0
461,T,,,,,,,,,,,
462,G,,,,,,,,,,,
463,G,,,,,,,,,,,
464,A,56795.1,53786.3,52347.7,1438.5,1438.5,0.0,310.5,389.8,738.2,0.0,0.0
465,A,56573.2,52324.3,49958.0,2366.3,2366.3,0.0,343.4,261.8,1761.2,0.0,0.0
466,A,56602.5,51903.3,51308.4,594.9,594.9,0.0,66.9,105.6,422.4,0.0,0.0
467,T,,,,,,,,,,,
468,C,56605.8,55388.6,55133.3,255.3,255.3,69.0,0.0,34.5,151.8,0.0,0.0
469,T,,,,,,,,,,,
470,T,,,,,,,,,,,
471,G,,,,,,,,,,,
472,A,57395.5,56015.1,55592.8,422.4,422.4,0.0,131.0,144.1,147.3,0.0,0.0
473,G,,,,,,,,,,,
474,T,,,,,,,,,,,
475,A,58080.8,56749.4,56558.0,191.4,191.4,0.0,82.5,26.4,82.5,0.0,0.0
476,T,,,,,,,,,,,
477,C,58364.7,57007.2,56807.5,199.7,199.7,49.1,0.0,26.2,124.4,0.0,0.0
478,T,,,,,,,,,,,
479,T,,,,,,,,,,,
480,G,,,,,,,,,,,
481,A,59412.3,57558.7,55532.3,2026.4,2026.4,0.0,103.5,333.8,1589.1,0.0,0.0
482,T,,,,,,,,,,,
483,T,,,,,,,,,,,
484,C,59715.8,57793.7,56429.2,1364.5,1364.5,517.7,0.0,174.8,672.0,0.0,0.0
485,T,,,,,,,,,,,
486,T,,,,,,,,,,,
487,A,59418.8,55297.2,54467.5,829.7,829.7,0.0,185.9,141.2,502.6,0.0,0.0
488,C,59428.6,58296.2,56502.0,1794.2,1794.2,400.6,0.0,132.4,1261.3,0.0,0.0
489,T,,,,,,,,,,,
490,T,,,,,,,,,,,
491,T,,,,,,,,,,,
492,G,,,,,,,,,,,
493,T,,,,,,,,,,,
494,A,56804.9,55369.0,54419.4,949.6,949.6,0.0,218.6,114.2,616.8,0.0,0.0
495,G,,,,,,,,,,,
496,T,,,,,,,,,,,
497,T,,,,,,,,,,,
498,A,55577.8,51012.4,49554.4,1458.0,1458.0,0.0,131.6,117.4,1209.1,0.0,0.0
499,A,55682.3,51074.4,49320.1,1754.4,1754.4,0.0,180.9,188.1,1385.4,0.0,0.0
500,A,55643.1,50676.3,49156.2,1520.1,1520.1,0.0,93.6,441.8,984.7,0.0,0.0
501,C,55571.3,54115.9,52503.0,1612.8,1612.8,694.5,0.0,250.8,667.5,0.0,0.0
502,A,55258.0,51332.2,50052.1,1280.1,1280.1,0.0,499.6,234.2,546.4,0.0,0.0
503,A,55016.6,50219.5,48597.3,1622.2,1622.2,0.0,180.7,307.5,1134.0,0.0,0.0
504,A,54667.4,49687.5,48109.4,1578.2,1578.2,0.0,144.5,395.5,1038.2,0.0,0.0
505,C,54634.7,52520.1,50570.2,1949.9,1949.9,771.7,0.0,338.8,839.4,0.0,0.0
506,C,54403.0,51107.1,49724.4,1382.6,1382.6,509.2,0.0,237.9,635.6,0.0,0.0
507,A,53600.3,50885.2,49978.7,906.5,906.5,0.0,92.5,222.0,592.0,0.0,0.0
508,C,53525.2,52053.4,50829.6,1223.8,1223.8,468.5,0.0,156.2,599.2,0.0,0.0
509,T,,,,,,,,,,,
510,C,52973.7,50594.7,49739.9,854.8,854.8,356.8,0.0,176.6,321.4,0.0,0.0
511,C,52784.4,50620.8,49745.6,875.3,875.3,323.0,0.0,132.0,420.3,0.0,0.0
512,T,,,,,,,,,,,
513,A,52667.0,50323.9,49040.6,1283.3,1283.3,0.0,130.4,195.6,957.3,0.0,0.0
514,G,,,,,,,,,,,
515,T,,,,,,,,,,,
516,A,53081.4,51332.2,50372.1,960.1,960.1,0.0,107.1,138.1,714.9,0.0,0.0
517,A,53492.6,48790.1,47187.1,1603.0,1603.0,0.0,145.7,189.8,1267.5,0.0,0.0
518,T,,,,,,,,,,,
519,T,,,,,,,,,,,
520,A,53946.2,49318.8,48291.9,1026.9,1026.9,0.0,158.0,212.9,656.0,0.0,0.0
521,T,,,,,,,,,,,
522,G,,,,,,,,,,,
523,A,54226.8,51521.5,50453.5,1068.0,1068.0,0.0,169.0,284.1,614.9,0.0,0.0
524,A,54481.4,48897.8,47728.3,1169.5,1169.5,0.0,154.5,354.7,660.2,0.0,0.0
525,C,54510.7,53205.4,51492.2,1713.2,1713.2,745.2,0.0,369.1,598.9,0.0,0.0
526,A,54412.8,50911.3,49716.7,1194.6,1194.6,0.0,242.4,312.7,639.5,0.0,0.0
527,T,,,,,,,,,,,
528,G,,,,,,,,,,,
529,A,,,,,,,,,,,
530,A,,,,,,,,,,,
531,A,,,,,,,,,,,
532,A,,,,,,,,,,,
533,A,,,,,,,,,,,
534,T,,,,,,,,,,,
535,C,54024.5,51860.9,50568.6,1292.3,1292.3,421.0,0.0,94.6,776.7,0.0,0.0
536,T,,,,,,,,,,,
537,T,,,,,,,,,,,
538,G,,,,,,,,,,,
539,T,,,,,,,,,,,
540,T,,,,,,,,,,,
541,A,53835.2,51159.3,50757.8,401.5,401.5,0.0,95.1,81.0,225.4,0.0,0.0
542,C,53995.1,52422.2,52089.9,332.3,332.3,67.2,0.0,108.3,156.8,0.0,0.0
543,G,,,,,,,,,,,
544,A,54259.5,51391.0,47637.8,3753.2,3753.2,0.0,709.9,1219.4,1823.9,0.0,0.0
545,A,54794.6,51410.6,48525.3,2885.2,2885.2,0.0,328.5,449.9,2106.8,0.0,0.0
546,G,,,,,,,,,,,
547,A,54742.4,52275.4,51809.6,465.7,465.7,0.0,74.5,208.6,182.6,0.0,0.0
548,C,54680.4,53554.6,53237.6,317.0,317.0,121.1,0.0,85.5,110.4,0.0,0.0
549,T,,,,,,,,,,,
550,T,,,,,,,,,,,
551,A,54625.0,47879.6,46502.0,1377.7,1377.7,0.0,103.8,53.7,1220.2,0.0,0.0
552,A,54970.9,49452.6,47127.2,2325.4,2325.4,0.0,258.4,230.4,1836.6,0.0,0.0
553,A,55512.6,51955.5,49760.2,2195.4,2195.4,0.0,218.5,317.1,1659.7,0.0,0.0
554,G,,,,,,,,,,,
555,T,,,,,,,,,,,
556,C,56015.1,54220.3,53974.4,245.9,245.9,91.7,0.0,66.1,88.1,0.0,0.0
557,A,56664.5,54207.2,53174.9,1032.4,1032.4,0.0,233.1,51.8,747.4,0.0,0.0
558,G,,,,,,,,,,,
559,A,57225.8,54145.2,50757.7,3387.5,3387.5,0.0,438.5,1488.7,1460.4,0.0,0.0
560,A,57548.9,53384.9,50106.9,3278.0,3278.0,0.0,265.8,354.4,2657.8,0.0,0.0
561,G,,,,,,,,,,,
562,T,,,,,,,,,,,
563,A,57872.0,55499.5,55197.2,302.3,302.3,0.0,78.2,28.4,195.6,0.0,0.0
564,A,57937.2,52823.6,52358.9,464.7,464.7,0.0,73.5,110.3,280.8,0.0,0.0
565,C,57963.3,56919.1,56590.8,328.2,328.2,110.6,0.0,89.2,128.4,0.0,0.0
566,A,58159.1,56044.5,55224.1,820.4,820.4,0.0,190.9,70.7,558.7,0.0,0.0
567,G,,,,,,,,,,,
568,C,58390.8,56945.2,53411.9,3533.3,3533.3,1141.2,0.0,1388.0,1004.1,0.0,0.0
569,T,,,,,,,,,,,
570,G,,,,,,,,,,,
571,A,58932.6,56263.1,54360.1,1903.1,1903.1,0.0,268.7,656.7,977.6,0.0,0.0
572,C,59050.0,57375.9,55360.2,2015.7,2015.7,836.4,0.0,346.5,832.9,0.0,0.0
573,C,58916.2,55137.3,54000.6,1136.7,1136.7,461.8,0.0,206.0,468.9,0.0,0.0
574,A,58361.5,54677.2,53509.9,1167.3,1167.3,0.0,91.8,216.6,858.9,0.0,0.0
575,T,,,,,,,,,,,
576,G,,,,,,,,,,,
577,A,57894.8,54866.4,53008.2,1858.2,1858.2,0.0,317.7,894.9,645.6,0.0,0.0
578,C,57924.2,56615.6,55061.6,1554.0,1554.0,407.3,0.0,95.8,1047.4,0.0,0.0
579,T,,,,,,,,,,,
580,T,,,,,,,,,,,
581,C,57154.0,54510.7,53686.4,824.4,824.4,170.9,0.0,43.6,609.9,0.0,0.0
582,T,,,,,,,,,,,
583,T,,,,,,,,,,,
584,T,,,,,,,,,,,
585,G,,,,,,,,,,,
586,T,,,,,,,,,,,
587,G,,,,,,,,,,,
588,T,,,,,,,,,,,
589,T,,,,,,,,,,,
590,C,56328.4,52843.2,52424.1,419.1,419.1,176.1,0.0,52.8,190.2,0.0,0.0
591,A,56834.2,54181.1,52022.7,2158.5,2158.5,0.0,569.7,99.1,1489.7,0.0,0.0
592,A,57764.3,53215.2,51030.8,2184.4,2184.4,0.0,102.3,200.9,1881.2,0.0,0.0
593,T,,,,,,,,,,,
594,A,58472.4,54318.2,52206.6,2111.6,2111.6,0.0,175.3,97.0,1839.2,0.0,0.0
595,A,59278.5,53835.2,52002.0,1833.3,1833.3,0.0,180.0,293.9,1359.3,0.0,0.0
596,G,,,,,,,,,,,
597,A,59892.0,56374.1,54781.0,1593.1,1593.1,0.0,212.7,496.2,884.2,0.0,0.0
598,A,60117.1,53926.6,52806.6,1120.0,1120.0,0.0,199.3,261.0,659.7,0.0,0.0
599,C,60234.6,58449.6,57242.1,1207.5,1207.5,470.4,0.0,252.7,484.4,0.0,0.0
600,A,60397.8,58292.9,56618.4,1674.5,1674.5,0.0,282.0,59.2,1333.4,0.0,0.0
601,T,,,,,,,,,,,
602,T,,,,,,,,,,,
603,T,,,,,,,,,,,
604,A,60913.4,55992.3,53910.9,2081.4,2081.4,0.0,198.2,275.3,1607.9,0.0,0.0
605,C,61171.2,59226.3,55924.9,3301.3,3301.3,1454.4,0.0,363.6,1483.2,0.0,0.0
606,A,62336.2,59882.2,57270.1,2612.1,2612.1,0.0,887.0,131.5,1593.5,0.0,0.0
607,A,63158.6,59131.6,57563.1,1568.5,1568.5,0.0,91.8,225.7,1251.0,0.0,0.0
608,T,,,,,,,,,,,
609,A,63383.7,59888.7,58077.3,1811.4,1811.4,0.0,77.5,52.9,1681.0,0.0,0.0
610,T,,,,,,,,,,,
611,T,,,,,,,,,,,
612,A,63341.3,59878.9,58975.4,903.6,903.6,0.0,150.6,112.9,640.0,0.0,0.0
613,G,,,,,,,,,,,
614,T,,,,,,,,,,,
615,A,63746.0,61471.4,60272.8,1198.6,1198.6,0.0,230.4,220.4,747.9,0.0,0.0
616,G,,,,,,,,,,,
617,G,,,,,,,,,,,
618,C,63785.1,59706.0,59109.1,596.9,596.9,208.1,0.0,267.0,121.7,0.0,0.0
619,A,63135.7,58208.1,54000.2,4207.9,4207.9,0.0,974.4,155.2,3078.4,0.0,0.0
620,A,63491.4,57079.0,54387.9,2691.1,2691.1,0.0,200.2,589.4,1901.5,0.0,0.0
621,C,63749.2,60319.5,57178.8,3140.7,3140.7,1046.9,0.0,1002.5,1091.3,0.0,0.0
622,G,,,,,,,,,,,
623,G,,,,,,,,,,,
624,C,64199.6,62417.8,62217.3,200.5,200.5,100.2,0.0,58.8,41.5,0.0,0.0
625,T,,,,,,,,,,,
626,T,,,,,,,,,,,
627,A,64277.9,61148.4,60508.4,640.0,640.0,0.0,148.5,128.7,362.9,0.0,0.0
628,C,64499.8,63390.3,63184.8,205.5,205.5,84.2,0.0,10.1,111.2,0.0,0.0
629,T,,,,,,,,,,,
630,A,65181.8,61908.7,61606.1,302.6,302.6,0.0,10.3,17.2,275.1,0.0,0.0
631,A,65808.4,62349.3,61259.6,1089.7,1089.7,0.0,128.0,100.3,861.4,0.0,0.0
632,A,66604.7,62450.4,61043.9,1406.5,1406.5,0.0,109.8,126.9,1169.8,0.0,0.0
633,T,,,,,,,,,,,
634,A,67684.8,64943.6,62843.5,2100.1,2100.1,0.0,156.0,106.5,1837.6,0.0,0.0
635,T,,,,,,,,,,,
636,A,68233.1,64793.5,60608.8,4184.7,4184.7,0.0,473.2,347.5,3364.0,0.0,0.0
637,C,68709.5,67267.1,63313.1,3954.0,3954.0,1551.1,0.0,494.7,1908.2,0.0,0.0
638,T,,,,,,,,,,,
639,A,69169.6,64927.3,61938.7,2988.6,2988.6,0.0,211.0,149.6,2628.0,0.0,0.0
640,T,,,,,,,,,,,
641,G,,,,,,,,,,,
642,A,69695.0,65743.1,62594.8,3148.4,3148.4,0.0,407.6,1426.5,1314.4,0.0,0.0
643,T,,,,,,,,,,,
644,G,,,,,,,,,,,
645,G,,,,,,,,,,,
646,A,68396.2,64682.6,63900.2,782.3,782.3,0.0,203.8,279.4,299.1,0.0,0.0
647,C,68056.8,66578.5,66089.0,489.5,489.5,149.8,0.0,56.6,283.0,0.0,0.0
648,T,,,,,,,,,,,
649,T,,,,,,,,,,,
650,C,66363.2,61719.4,61207.0,512.5,512.5,217.7,0.0,77.0,217.7,0.0,0.0
651,T,,,,,,,,,,,
652,G,,,,,,,,,,,
653,C,65997.7,64411.7,63180.6,1231.1,1231.1,301.1,0.0,612.2,317.8,0.0,0.0
654,T,,,,,,,,,,,
655,A,65655.0,62936.7,61868.7,1068.0,1068.0,0.0,160.7,197.5,709.8,0.0,0.0
656,T,,,,,,,,,,,
657,G,,,,,,,,,,,
658,C,65217.7,63452.3,63017.6,434.7,434.7,112.8,0.0,66.4,255.5,0.0,0.0
659,T,,,,,,,,,,,
660,T,,,,,,,,,,,
661,T,,,,,,,,,,,
662,G,,,,,,,,,,,
663,A,65080.7,62368.8,60909.3,1459.6,1459.6,0.0,210.5,973.0,276.0,0.0,0.0
664,G,,,,,,,,,,,
665,A,65292.8,61513.9,59056.7,2457.1,2457.1,0.0,352.6,1183.6,921.0,0.0,0.0
666,C,65273.2,63236.9,61955.6,1281.3,1281.3,554.4,0.0,246.0,480.9,0.0,0.0
667,A,64754.3,61850.0,58316.7,3533.3,3533.3,0.0,200.1,93.2,3240.0,0.0,0.0
668,T,,,,,,,,,,,
669,T,,,,,,,,,,,
670,T,,,,,,,,,,,
671,C,64689.1,59986.6,55950.3,4036.4,4036.4,1089.3,0.0,959.6,1987.4,0.0,0.0
672,G,,,,,,,,,,,
673,A,64790.2,61664.0,59400.7,2263.3,2263.3,0.0,417.0,780.6,1065.7,0.0,0.0
674,C,64940.4,63047.6,62281.7,765.9,765.9,294.6,0.0,84.7,386.6,0.0,0.0
675,C,64767.4,60893.8,60433.1,460.8,460.8,171.0,0.0,83.8,205.9,0.0,0.0
676,C,64470.4,60874.2,60678.8,195.5,195.5,71.1,0.0,39.1,85.3,0.0,0.0
677,A,63573.0,59784.3,59329.9,454.4,454.4,0.0,41.0,54.7,358.8,0.0,0.0
678,A,63853.7,57519.5,56849.8,669.7,669.7,0.0,63.9,114.4,491.4,0.0,0.0
679,A,64375.8,59369.8,58559.6,810.2,810.2,0.0,165.4,189.1,455.7,0.0,0.0
680,G,,,,,,,,,,,
681,G,,,,,,,,,,,
682,A,64806.6,62499.4,61732.2,767.2,767.2,0.0,125.7,119.1,522.5,0.0,0.0
683,T,,,,,,,,,,,
684,T,,,,,,,,,,,
685,G,,,,,,,,,,,
686,T,,,,,,,,,,,
687,G,,,,,,,,,,,
688,A,64875.1,61579.1,61005.3,573.9,573.9,0.0,108.8,221.0,244.1,0.0,0.0
689,A,65100.3,60998.2,60349.4,648.9,648.9,0.0,171.3,115.3,362.3,0.0,0.0
690,G,,,,,,,,,,,
691,T,,,,,,,,,,,
692,T,,,,,,,,,,,
693,C,65100.3,63207.5,63029.8,177.7,177.7,73.8,0.0,36.9,67.1,0.0,0.0
694,T,,,,,,,,,,,
695,T,,,,,,,,,,,
696,A,65912.8,60844.9,59064.9,1780.0,1780.0,0.0,103.7,64.3,1612.0,0.0,0.0
697,A,66699.3,60561.0,57593.3,2967.7,2967.7,0.0,260.9,268.1,2438.7,0.0,0.0
698,A,68047.0,62639.7,59687.9,2951.8,2951.8,0.0,300.9,476.1,2174.8,0.0,0.0
699,G,,,,,,,,,,,
700,A,67861.0,63892.8,61366.0,2526.8,2526.8,0.0,306.2,1275.0,945.6,0.0,0.0
701,A,68004.6,63230.4,59993.0,3237.4,3237.4,0.0,493.9,362.7,2380.8,0.0,0.0
702,A,68288.5,61712.9,59101.1,2611.8,2611.8,0.0,183.5,265.5,2162.9,0.0,0.0
703,T,,,,,,,,,,,
704,A,68141.7,64379.1,60672.3,3706.7,3706.7,0.0,411.0,351.8,2943.9,0.0,0.0
705,C,68034.0,66506.8,63446.5,3060.2,3060.2,1003.4,0.0,296.4,1760.4,0.0,0.0
706,T,,,,,,,,,,,
707,T,,,,,,,,,,,
708,G,,,,,,,,,,,
709,T,,,,,,,,,,,
710,C,66030.3,62476.5,62034.9,441.6,441.6,147.2,0.0,77.0,217.5,0.0,0.0
711,A,65550.6,62907.3,62017.0,890.3,890.3,0.0,418.6,129.6,342.2,0.0,0.0
712,C,65279.7,64039.7,63327.7,711.9,711.9,263.2,0.0,101.2,347.5,0.0,0.0
713,T,,,,,,,,,,,
714,T,,,,,,,,,,,
715,A,63954.8,58713.9,57984.9,729.0,729.0,0.0,151.7,244.1,333.2,0.0,0.0
716,T,,,,,,,,,,,
717,G,,,,,,,,,,,
718,G,,,,,,,,,,,
719,T,,,,,,,,,,,
720,T,,,,,,,,,,,
721,G,,,,,,,,,,,
722,T,,,,,,,,,,,
723,A,60042.1,57010.5,56439.1,571.4,571.4,0.0,108.8,47.6,414.9,0.0,0.0
724,T,,,,,,,,,,,
725,A,58645.4,55816.1,52932.4,2883.7,2883.7,0.0,254.2,145.9,2483.6,0.0,0.0
726,G,,,,,,,,,,,
727,A,58769.4,54282.3,45736.7,8545.7,8545.7,0.0,1508.5,3478.1,3559.0,0.0,0.0
728,A,58560.5,53225.0,47370.3,5854.7,5854.7,0.0,915.5,876.2,4063.0,0.0,0.0
729,G,,,,,,,,,,,
730,A,58361.5,54566.2,49283.7,5282.5,5282.5,0.0,503.1,3201.9,1577.5,0.0,0.0
731,C,58374.5,57114.9,55952.2,1162.7,1162.7,467.4,0.0,129.6,565.6,0.0,0.0
732,T,,,,,,,,,,,
733,A,57588.1,54546.6,53674.8,871.8,871.8,0.0,70.5,59.4,742.0,0.0,0.0
734,T,,,,,,,,,,,
735,C,57539.1,53456.7,52617.3,839.3,839.3,269.5,0.0,92.1,477.7,0.0,0.0
736,A,57591.3,53463.2,52480.1,983.1,983.1,0.0,391.1,38.1,553.8,0.0,0.0
737,C,57676.2,55679.0,55172.8,506.2,506.2,182.5,0.0,58.5,265.1,0.0,0.0
738,C,57705.5,55254.8,55032.9,221.9,221.9,84.5,0.0,66.9,70.4,0.0,0.0
739,C,57718.6,55568.1,54587.5,980.6,980.6,355.9,0.0,132.6,492.0,0.0,0.0
740,T,,,,,,,,,,,
741,A,57708.8,53698.2,52757.0,941.2,941.2,0.0,51.0,40.8,849.4,0.0,0.0
742,A,57996.0,53681.9,52604.9,1076.9,1076.9,0.0,168.8,148.5,759.6,0.0,0.0
743,G,,,,,,,,,,,
744,T,,,,,,,,,,,
745,G,,,,,,,,,,,
746,G,,,,,,,,,,,
747,T,,,,,,,,,,,
748,T,,,,,,,,,,,
749,T,,,,,,,,,,,
750,G,,,,,,,,,,,
751,A,59657.0,57049.6,55100.8,1948.8,1948.8,0.0,469.3,554.4,925.1,0.0,0.0
752,G,,,,,,,,,,,
753,G,,,,,,,,,,,
754,A,60551.2,56814.7,54138.1,2676.6,2676.6,0.0,827.7,713.8,1135.2,0.0,0.0
755,G,,,,,,,,,,,
756,A,59546.1,55962.9,51997.3,3965.6,3965.6,0.0,493.8,1805.4,1666.5,0.0,0.0
757,A,59402.5,53182.6,49691.8,3490.8,3490.8,0.0,357.4,390.6,2742.7,0.0,0.0
758,T,,,,,,,,,,,
759,A,59112.0,54997.0,50711.0,4285.9,4285.9,0.0,414.9,477.5,3393.5,0.0,0.0
760,A,59239.3,55372.3,51529.9,3842.4,3842.4,0.0,605.1,624.3,2613.0,0.0,0.0
761,G,,,,,,,,,,,
762,G,,,,,,,,,,,
763,A,57757.8,55117.7,52663.0,2454.7,2454.7,0.0,273.9,398.7,1782.1,0.0,0.0
764,T,,,,,,,,,,,
765,T,,,,,,,,,,,
766,G,,,,,,,,,,,
767,G,,,,,,,,,,,
768,T,,,,,,,,,,,
769,A,54279.0,51211.5,48010.4,3201.1,3201.1,0.0,569.7,331.1,2300.2,0.0,0.0
770,C,54233.4,52405.9,49211.8,3194.1,3194.1,991.5,0.0,900.1,1302.5,0.0,0.0
771,G,,,,,,,,,,,
772,A,53322.9,51162.6,49408.2,1754.3,1754.3,0.0,314.8,687.1,752.4,0.0,0.0
773,C,53185.8,51750.0,50388.6,1361.4,1361.4,569.1,0.0,152.5,639.8,0.0,0.0
774,C,52869.3,50493.6,49911.7,581.9,581.9,187.8,0.0,173.1,221.0,0.0,0.0
775,C,52686.5,50526.2,50035.5,490.7,490.7,306.2,0.0,59.0,125.4,0.0,0.0
776,A,52405.9,49925.8,48587.8,1337.9,1337.9,0.0,29.8,82.0,1226.1,0.0,0.0
777,A,52823.6,49462.4,47710.4,1751.9,1751.9,0.0,97.3,137.0,1517.6,0.0,0.0
778,T,,,,,,,,,,,
779,A,53939.7,51710.8,48569.8,3141.0,3141.0,0.0,274.1,507.5,2359.5,0.0,0.0
780,G,,,,,,,,,,,
781,A,54615.2,51361.6,48932.1,2429.5,2429.5,0.0,254.7,1528.2,646.6,0.0,0.0
782,A,54797.9,50787.3,49021.9,1765.4,1765.4,0.0,206.5,234.8,1324.1,0.0,0.0
783,A,54892.5,49870.3,47301.2,2569.1,2569.1,0.0,333.8,266.3,1969.0,0.0,0.0
784,A,55186.2,49860.5,47187.9,2672.6,2672.6,0.0,212.6,550.5,1909.6,0.0,0.0
785,C,55414.7,53570.9,52488.2,1082.7,1082.7,253.4,0.0,119.0,710.3,0.0,0.0
786,T,,,,,,,,,,,
787,C,55440.8,53309.8,52466.2,843.6,843.6,715.9,0.0,38.7,85.1,0.0,0.0
788,A,56103.2,51975.1,50655.7,1319.5,1319.5,0.0,452.7,89.0,777.7,0.0,0.0
789,A,56631.9,52507.0,50612.6,1894.4,1894.4,0.0,112.8,214.3,1567.4,0.0,0.0
790,A,57343.3,53740.6,50722.6,3018.0,3018.0,0.0,352.8,301.8,2363.5,0.0,0.0
791,A,58211.4,53495.8,50277.5,3218.3,3218.3,0.0,92.3,234.5,2891.5,0.0,0.0
792,T,,,,,,,,,,,
793,A,58952.1,56527.5,52929.2,3598.2,3598.2,0.0,128.4,86.8,3383.0,0.0,0.0
794,T,,,,,,,,,,,
795,T,,,,,,,,,,,
796,A,59627.6,53590.5,51193.9,2396.6,2396.6,0.0,241.7,103.6,2051.3,0.0,0.0
797,T,,,,,,,,,,,
798,G,,,,,,,,,,,
799,T,,,,,,,,,,,
800,C,59875.7,57033.3,56255.5,777.8,777.8,375.4,0.0,94.7,307.7,0.0,0.0
801,A,60143.3,56184.8,54194.1,1990.7,1990.7,0.0,423.3,201.7,1365.7,0.0,0.0
802,T,,,,,,,,,,,
803,G,,,,,,,,,,,
804,T,,,,,,,,,,,
805,T,,,,,,,,,,,
806,G,,,,,,,,,,,
807,G,,,,,,,,,,,
808,C,60068.2,58606.2,57802.1,804.1,804.1,327.7,0.0,209.5,266.9,0.0,0.0
809,T,,,,,,,,,,,
810,A,59232.8,56938.7,55810.6,1128.1,1128.1,0.0,48.2,52.0,1027.9,0.0,0.0
811,A,59389.4,55825.9,54767.4,1058.5,1058.5,0.0,85.4,70.6,902.5,0.0,0.0
812,A,59725.5,55561.5,52121.9,3439.7,3439.7,0.0,402.8,423.8,2613.0,0.0,0.0
813,A,60492.4,53730.8,51704.3,2026.5,2026.5,0.0,237.1,592.8,1196.5,0.0,0.0
814,T,,,,,,,,,,,
815,G,,,,,,,,,,,
816,G,,,,,,,,,,,
817,G,,,,,,,,,,,
818,A,58087.4,54422.6,51967.8,2454.9,2454.9,0.0,756.9,541.7,1156.3,0.0,0.0
819,C,56844.0,54853.4,52608.1,2245.3,2245.3,890.8,0.0,456.4,898.1,0.0,0.0
820,C,53936.4,51776.1,50390.4,1385.6,1385.6,463.1,0.0,200.1,722.4,0.0,0.0
821,T,,,,,,,,,,,
822,A,50849.3,48375.7,46209.0,2166.7,2166.7,0.0,34.7,79.9,2052.1,0.0,0.0
823,T,,,,,,,,,,,
824,T,,,,,,,,,,,
825,G,,,,,,,,,,,
826,T,,,,,,,,,,,
827,A,51541.1,48649.8,47596.7,1053.1,1053.1,0.0,204.3,112.7,736.1,0.0,0.0
828,C,51723.8,49850.7,47530.5,2320.2,2320.2,764.6,0.0,609.4,946.3,0.0,0.0
829,G,,,,,,,,,,,
830,A,51975.1,49158.9,47243.7,1915.2,1915.2,0.0,385.3,671.5,858.4,0.0,0.0
831,C,52095.9,49902.9,45253.8,4649.1,4649.1,1542.7,0.0,1412.3,1694.1,0.0,0.0
832,G,,,,,,,,,,,
833,T,,,,,,,,,,,
834,G,,,,,,,,,,,
835,C,50950.4,49367.7,47765.4,1602.3,1602.3,306.8,0.0,319.8,975.7,0.0,0.0
836,T,,,,,,,,,,,
837,T,,,,,,,,,,,
838,T,,,,,,,,,,,
839,A,50891.7,46903.9,45158.0,1745.9,1745.9,0.0,84.8,78.3,1582.7,0.0,0.0
840,T,,,,,,,,,,,
841,T,,,,,,,,,,,
842,G,,,,,,,,,,,
843,A,51596.6,49015.3,46562.4,2452.9,2452.9,0.0,293.1,711.8,1448.0,0.0,0.0
844,A,51994.7,47351.0,44114.7,3236.3,3236.3,0.0,461.8,355.0,2419.5,0.0,0.0
845,T,,,,,,,,,,,
846,G,,,,,,,,,,,
847,C,51642.3,50320.6,49957.0,363.6,363.6,148.3,0.0,109.4,105.9,0.0,0.0
848,T,,,,,,,,,,,
849,A,51169.1,48848.9,48277.2,571.6,571.6,0.0,26.3,88.7,456.7,0.0,0.0
850,T,,,,,,,,,,,
851,T,,,,,,,,,,,
852,G,,,,,,,,,,,
853,A,51214.8,49534.2,49083.8,450.3,450.3,0.0,78.3,173.0,199.1,0.0,0.0
854,G,,,,,,,,,,,
855,T,,,,,,,,,,,
856,T,,,,,,,,,,,
857,C,50976.5,48062.4,47539.6,522.8,522.8,175.4,0.0,86.0,261.4,0.0,0.0
858,G,,,,,,,,,,,
859,G,,,,,,,,,,,
860,A,51201.7,47122.5,44600.4,2522.1,2522.1,0.0,388.5,1496.2,637.3,0.0,0.0
861,A,51195.2,45882.5,44853.3,1029.1,1029.1,0.0,191.9,125.6,711.7,0.0,0.0
862,A,51156.0,45608.4,45156.1,452.3,452.3,0.0,77.7,91.9,282.7,0.0,0.0
863,C,51103.8,49958.4,49826.7,131.7,131.7,49.8,0.0,21.4,60.5,0.0,0.0
864,C,51107.1,49139.3,49041.9,97.4,97.4,10.4,0.0,17.4,69.6,0.0,0.0
865,T,,,,,,,,,,,
866,T,,,,,,,,,,,
867,A,51453.0,44051.8,42714.6,1337.2,1337.2,0.0,160.2,78.5,1098.5,0.0,0.0
868,T,,,,,,,,,,,
869,G,,,,,,,,,,,
870,G,,,,,,,,,,,
871,T,,,,,,,,,,,
872,T,,,,,,,,,,,
873,G,,,,,,,,,,,
874,A,,,,,,,,,,,
875,A,,,,,,,,,,,
876,A,,,,,,,,,,,
877,A,,,,,,,,,,,
878,A,,,,,,,,,,,
879,G,,,,,,,,,,,
880,G,,,,,,,,,,,
881,T,,,,,,,,,,,
882,T,,,,,,,,,,,
883,A,55072.0,52807.3,52402.6,404.7,404.7,0.0,58.7,45.7,300.2,0.0,0.0
884,T,,,,,,,,,,,
885,G,,,,,,,,,,,
886,T,,,,,,,,,,,
887,T,,,,,,,,,,,
888,G,,,,,,,,,,,
889,G,,,,,,,,,,,
890,T,,,,,,,,,,,
891,G,,,,,,,,,,,
892,T,,,,,,,,,,,
893,T,,,,,,,,,,,
894,A,54481.4,50937.4,47928.5,3008.9,3008.9,0.0,418.0,49.8,2541.1,0.0,0.0
895,T,,,,,,,,,,,
896,T,,,,,,,,,,,
897,A,54703.3,49455.8,48582.7,873.2,873.2,0.0,127.3,99.0,646.9,0.0,0.0
898,C,54729.4,53685.1,53291.8,393.3,393.3,198.3,0.0,47.1,147.9,0.0,0.0
899,A,54755.5,53101.0,52609.3,491.7,491.7,0.0,162.6,50.3,278.8,0.0,0.0
900,C,54719.6,53907.0,53584.6,322.4,322.4,124.3,0.0,35.0,163.1,0.0,0.0
901,T,,,,,,,,,,,
902,C,54696.7,52833.4,45684.6,7148.8,7148.8,1929.6,0.0,1832.4,3386.8,0.0,0.0
903,G,,,,,,,,,,,
904,A,54938.2,52804.0,51989.9,814.1,814.1,0.0,68.5,494.5,251.1,0.0,0.0
905,T,,,,,,,,,,,
906,A,54990.4,51949.0,51615.2,333.8,333.8,0.0,26.7,20.0,287.1,0.0,0.0
907,A,54967.6,50666.5,50360.7,305.8,305.8,0.0,59.1,69.5,177.2,0.0,0.0
908,C,54974.1,54148.5,54020.5,128.0,128.0,18.3,0.0,25.6,84.1,0.0,0.0
909,C,54957.8,52846.4,52765.9,80.5,80.5,32.9,0.0,3.7,43.9,0.0,0.0
910,A,54938.2,51537.8,49359.4,2178.5,2178.5,0.0,124.4,60.4,1993.7,0.0,0.0
911,A,55045.9,52246.0,49040.1,3205.8,3205.8,0.0,215.8,626.3,2363.7,0.0,0.0
912,G,,,,,,,,,,,
913,A,55049.2,52624.5,51642.6,981.9,981.9,0.0,151.3,343.3,487.3,0.0,0.0
914,C,55006.8,53995.1,52831.4,1163.7,1163.7,469.0,0.0,194.0,500.7,0.0,0.0
915,C,54964.3,52950.9,52862.0,88.8,88.8,41.0,0.0,13.7,34.2,0.0,0.0
916,T,,,,,,,,,,,
917,T,,,,,,,,,,,
918,A,54908.9,52004.5,51551.5,453.0,453.0,0.0,52.9,52.9,347.2,0.0,0.0
919,A,54951.3,50385.9,49803.3,582.6,582.6,0.0,128.4,154.7,299.5,0.0,0.0
920,T,,,,,,,,,,,
921,G,,,,,,,,,,,
922,G,,,,,,,,,,,
923,C,54840.3,52637.6,52332.7,304.9,304.9,131.2,0.0,117.0,56.7,0.0,0.0
924,A,54155.0,51443.2,50774.5,668.7,668.7,0.0,151.3,102.1,415.3,0.0,0.0
925,A,53946.2,49870.3,48252.1,1618.1,1618.1,0.0,72.5,207.0,1338.7,0.0,0.0
926,A,53969.0,50144.4,48207.5,1936.9,1936.9,0.0,20.6,34.3,1882.0,0.0,0.0
927,T,,,,,,,,,,,
928,T,,,,,,,,,,,
929,T,,,,,,,,,,,
930,T,,,,,,,,,,,
931,A,54086.5,49325.3,48129.3,1196.0,1196.0,0.0,127.7,157.9,910.4,0.0,0.0
932,T,,,,,,,,,,,
933,G,,,,,,,,,,,
934,A,53704.7,51221.3,49720.7,1500.6,1500.6,0.0,56.8,377.7,1066.1,0.0,0.0
935,T,,,,,,,,,,,
936,T,,,,,,,,,,,
937,T,,,,,,,,,,,
938,T,,,,,,,,,,,
939,G,,,,,,,,,,,
940,G,,,,,,,,,,,
941,T,,,,,,,,,,,
942,G,,,,,,,,,,,
943,A,40569.8,38259.3,35896.7,2362.7,2362.7,0.0,264.3,394.9,1703.5,0.0,0.0
944,T,,,,,,,,,,,
945,T,,,,,,,,,,,
946,T,,,,,,,,,,,
947,T,,,,,,,,,,,
948,C,36425.3,34842.6,33829.6,1013.0,1013.0,492.2,0.0,164.1,356.7,0.0,0.0
949,A,36382.9,34829.6,32814.8,2014.7,2014.7,0.0,671.6,191.4,1151.8,0.0,0.0
950,G,,,,,,,,,,,
951,A,36252.4,33987.6,32667.8,1319.9,1319.9,0.0,169.8,513.3,636.8,0.0,0.0
952,A,36216.5,33791.8,32262.7,1529.2,1529.2,0.0,378.4,347.2,803.6,0.0,0.0
953,G,,,,,,,,,,,
954,A,35501.8,32617.0,31063.6,1553.4,1553.4,0.0,301.1,525.1,727.1,0.0,0.0
955,C,35234.2,33733.1,32181.6,1551.4,1551.4,565.8,0.0,430.6,555.1,0.0,0.0
956,G,,,,,,,,,,,
957,G,,,,,,,,,,,
958,C,33886.5,32809.6,32703.7,105.8,105.8,24.7,0.0,31.8,49.4,0.0,0.0
959,A,32917.3,31412.9,31120.7,292.2,292.2,0.0,154.5,20.2,117.5,0.0,0.0
960,C,32688.8,32055.7,31961.1,94.6,94.6,43.9,0.0,20.3,30.4,0.0,0.0
961,C,32382.1,30773.2,30071.0,702.3,702.3,238.5,0.0,106.0,357.8,0.0,0.0
962,T,,,,,,,,,,,
963,G,,,,,,,,,,,
964,G,,,,,,,,,,,
965,T,,,,,,,,,,,
966,G,,,,,,,,,,,
967,C,32404.9,31690.2,31060.4,629.8,629.8,238.2,0.0,146.9,244.8,0.0,0.0
968,T,,,,,,,,,,,
969,G,,,,,,,,,,,
970,G,,,,,,,,,,,
971,T,,,,,,,,,,,
972,G,,,,,,,,,,,
973,T,,,,,,,,,,,
974,T,,,,,,,,,,,
975,C,31938.3,30329.4,29963.4,366.0,366.0,138.5,0.0,62.7,164.9,0.0,0.0
976,C,31935.0,30544.8,30224.4,320.4,320.4,128.8,0.0,56.1,135.4,0.0,0.0
977,T,,,,,,,,,,,
978,G,,,,,,,,,,,
979,T,,,,,,,,,,,
980,T,,,,,,,,,,,
981,T,,,,,,,,,,,
982,T,,,,,,,,,,,
983,T,,,,,,,,,,,
984,G,,,,,,,,,,,
985,A,31399.8,29888.9,28272.1,1616.8,1616.8,0.0,88.2,1106.0,418.9,0.0,0.0
986,T,,,,,,,,,,,
987,A,30809.1,29092.6,27761.8,1330.8,1330.8,0.0,70.4,278.0,982.3,0.0,0.0
988,C,30727.6,29839.9,27372.5,2467.5,2467.5,783.6,0.0,757.2,926.7,0.0,0.0
989,G,,,,,,,,,,,
990,T,,,,,,,,,,,
991,A,28812.0,27627.4,26087.7,1539.7,1539.7,0.0,239.1,188.4,1112.2,0.0,0.0
992,T,,,,,,,,,,,
993,T,,,,,,,,,,,
994,A,27823.2,25454.0,24630.1,824.0,824.0,0.0,81.3,77.8,664.8,0.0,0.0
995,T,,,,,,,,,,,
996,T,,,,,,,,,,,
997,C,27020.4,26034.9,25256.2,778.7,778.7,253.8,0.0,120.1,404.8,0.0,0.0
998,T,,,,,,,,,,,
999,T,,,,,,,,,,,
1000,A,26612.5,24772.0,24232.7,539.2,539.2,0.0,62.4,143.1,333.8,0.0,0.0
1001,C,26612.5,26061.0,24688.2,1372.8,1372.8,638.1,0.0,189.7,545.0,0.0,0.0
1002,A,26716.9,25330.0,24297.3,1032.7,1032.7,0.0,250.5,104.0,678.2,0.0,0.0
1003,T,,,,,,,,,,,
1004,G,,,,,,,,,,,
1005,A,26488.5,25052.6,22664.9,2387.8,2387.8,0.0,375.0,1235.2,777.6,0.0,0.0
1006,T,,,,,,,,,,,
1007,G,,,,,,,,,,,
1008,C,26002.2,24951.5,24450.3,501.2,501.2,137.4,0.0,115.1,248.7,0.0,0.0
1009,C,25718.3,24465.2,24126.0,339.2,339.2,125.5,0.0,84.8,128.9,0.0,0.0
1010,C,25437.7,24076.9,23795.8,281.0,281.0,99.6,0.0,46.2,135.2,0.0,0.0
1011,A,24618.6,23483.0,23217.9,265.1,265.1,0.0,15.4,53.8,195.9,0.0,0.0
1012,T,,,,,,,,,,,
1013,C,24324.9,23424.2,22263.0,1161.2,1161.2,517.3,0.0,197.3,446.6,0.0,0.0
1014,A,24527.2,23280.6,21500.1,1780.6,1780.6,0.0,868.8,64.4,847.4,0.0,0.0
1015,T,,,,,,,,,,,
1016,A,24899.2,23287.2,22365.9,921.2,921.2,0.0,44.8,78.3,798.1,0.0,0.0
1017,G,,,,,,,,,,,
1018,C,25075.5,24370.6,24186.2,184.4,184.4,80.0,0.0,48.7,55.7,0.0,0.0
1019,C,25052.6,24112.8,23952.6,160.2,160.2,73.1,0.0,52.2,34.8,0.0,0.0
1020,A,25065.7,23567.8,22993.3,574.5,574.5,0.0,29.1,40.0,505.5,0.0,0.0
1021,T,,,,,,,,,,,
1022,G,,,,,,,,,,,
1023,A,25610.6,24556.6,22121.6,2435.0,2435.0,0.0,475.6,954.7,1004.7,0.0,0.0
1024,C,25920.7,25157.0,23240.4,1916.6,1916.6,719.2,0.0,563.5,633.9,0.0,0.0
1025,G,,,,,,,,,,,
1026,G,,,,,,,,,,,
1027,A,26263.3,24693.7,23801.9,891.7,891.7,0.0,287.5,105.6,498.6,0.0,0.0
1028,T,,,,,,,,,,,
1029,G,,,,,,,,,,,
1030,C,26286.2,25662.9,24627.5,1035.4,1035.4,195.6,0.0,161.9,677.9,0.0,0.0
1031,T,,,,,,,,,,,
1032,T,,,,,,,,,,,
1033,T,,,,,,,,,,,
1034,A,26576.6,24001.8,22973.9,1027.9,1027.9,0.0,112.4,85.9,829.6,0.0,0.0
1035,G,,,,,,,,,,,
1036,C,26795.2,26220.9,26103.2,117.7,117.7,51.9,0.0,34.6,31.2,0.0,0.0
1037,A,26792.0,25943.5,25712.6,230.9,230.9,0.0,103.4,6.9,120.6,0.0,0.0
1038,C,26889.9,26302.5,26216.2,86.3,86.3,26.5,0.0,19.9,39.8,0.0,0.0
1039,C,26922.5,25933.7,25823.5,110.2,110.2,44.1,0.0,3.7,62.4,0.0,0.0
1040,T,,,,,,,,,,,
1041,G,,,,,,,,,,,
1042,A,28283.3,26906.2,24183.5,2722.7,2722.7,0.0,388.0,1055.0,1279.7,0.0,0.0
1043,G,,,,,,,,,,,
1044,A,29076.3,27304.3,26169.5,1134.8,1134.8,0.0,256.6,383.1,495.1,0.0,0.0
1045,G,,,,,,,,,,,
1046,G,,,,,,,,,,,
1047,T,,,,,,,,,,,
1048,A,29206.8,27930.9,25881.0,2049.8,2049.8,0.0,383.1,141.5,1525.3,0.0,0.0
1049,C,29412.4,28635.8,26963.1,1672.7,1672.7,350.7,0.0,101.7,1220.3,0.0,0.0
1050,T,,,,,,,,,,,
1051,T,,,,,,,,,,,
1052,T,,,,,,,,,,,
1053,G,,,,,,,,,,,
1054,A,30522.0,29487.5,28224.3,1263.2,1263.2,0.0,124.5,612.0,526.6,0.0,0.0
1055,A,30975.6,28759.8,27069.7,1690.1,1690.1,0.0,164.5,143.5,1382.2,0.0,0.0
1056,T,,,,,,,,,,,
1057,A,31210.5,29618.0,28687.0,931.0,931.0,0.0,73.0,54.8,803.2,0.0,0.0
1058,T,,,,,,,,,,,
1059,G,,,,,,,,,,,
1060,A,31660.9,30185.8,29769.5,416.4,416.4,0.0,67.2,181.3,167.9,0.0,0.0
1061,T,,,,,,,,,,,
1062,G,,,,,,,,,,,
1063,T,,,,,,,,,,,
1064,G,,,,,,,,,,,
1065,C,31651.1,30988.6,30597.0,391.6,391.6,161.4,0.0,82.4,147.7,0.0,0.0
1066,A,31533.6,30446.9,29839.7,607.2,607.2,0.0,240.1,84.7,282.4,0.0,0.0
1067,C,31768.6,30988.6,30692.5,296.1,296.1,128.4,0.0,35.7,132.0,0.0,0.0
1068,A,31886.0,29771.4,29040.5,730.9,730.9,0.0,123.0,151.1,456.8,0.0,0.0
1069,A,32218.9,29934.6,28910.9,1023.6,1023.6,0.0,233.6,326.3,463.7,0.0,0.0
1070,G,,,,,,,,,,,
1071,G,,,,,,,,,,,
1072,G,,,,,,,,,,,
1073,T,,,,,,,,,,,
1074,T,,,,,,,,,,,
1075,A,31138.7,29259.1,28940.6,318.5,318.5,0.0,26.8,36.9,254.8,0.0,0.0
1076,T,,,,,,,,,,,
1077,A,31288.8,29167.7,28845.5,322.2,322.2,0.0,27.4,58.3,236.5,0.0,0.0
1078,A,31442.2,29082.8,28560.3,522.6,522.6,0.0,84.0,95.0,343.5,0.0,0.0
1079,A,31654.3,29311.3,28617.7,693.6,693.6,0.0,79.1,89.8,524.7,0.0,0.0
1080,T,,,,,,,,,,,
1081,C,31540.1,30626.4,28407.5,2218.9,2218.9,765.9,0.0,207.6,1245.5,0.0,0.0
1082,T,,,,,,,,,,,
1083,T,,,,,,,,,,,
1084,A,31654.3,28263.7,26574.9,1688.8,1688.8,0.0,144.1,99.8,1444.9,0.0,0.0
1085,T,,,,,,,,,,,
1086,G,,,,,,,,,,,
1087,A,31811.0,30443.6,28678.7,1765.0,1765.0,0.0,259.6,488.0,1017.5,0.0,0.0
1088,T,,,,,,,,,,,
1089,C,31781.6,25976.1,25851.5,124.7,124.7,31.2,0.0,10.4,83.1,0.0,0.0
1090,T,,,,,,,,,,,
1091,C,31706.6,30068.4,30012.4,55.9,55.9,26.3,0.0,9.9,19.7,0.0,0.0
1092,C,31696.8,30450.2,30406.3,43.9,43.9,20.2,0.0,16.9,6.7,0.0,0.0
1093,T,,,,,,,,,,,
1094,C,31775.1,30440.4,30374.1,66.3,66.3,17.4,0.0,10.5,38.4,0.0,0.0
1095,A,32107.9,29882.4,29117.5,764.9,764.9,0.0,122.4,64.6,577.9,0.0,0.0
1096,A,32473.4,30443.6,29289.0,1154.6,1154.6,0.0,94.5,418.6,641.4,0.0,0.0
1097,G,,,,,,,,,,,
1098,T,,,,,,,,,,,
1099,A,32708.4,30936.4,30691.6,244.8,244.8,0.0,29.7,48.2,166.9,0.0,0.0
1100,T,,,,,,,,,,,
1101,G,,,,,,,,,,,
1102,A,33197.9,31866.5,29033.6,2832.9,2832.9,0.0,210.5,1593.5,1028.9,0.0,0.0
1103,T,,,,,,,,,,,
1104,T,,,,,,,,,,,
1105,A,33625.4,31207.3,30644.1,563.2,563.2,0.0,83.0,36.1,444.0,0.0,0.0
1106,T,,,,,,,,,,,
1107,A,33801.6,31781.6,31578.5,203.2,203.2,0.0,20.0,16.7,166.5,0.0,0.0
1108,C,33899.5,33354.5,33222.6,131.9,131.9,40.6,0.0,16.9,74.4,0.0,0.0
1109,T,,,,,,,,,,,
1110,G,,,,,,,,,,,
1111,A,35374.5,33889.7,33442.7,447.0,447.0,0.0,134.4,131.1,181.5,0.0,0.0
1112,G,,,,,,,,,,,
1113,G,,,,,,,,,,,
1114,A,36549.3,34431.4,33512.7,918.7,918.7,0.0,189.2,416.3,313.1,0.0,0.0
1115,G,,,,,,,,,,,
1116,A,36813.7,34640.3,34231.9,408.4,408.4,0.0,21.9,295.3,91.2,0.0,0.0
1117,A,36888.7,34408.6,33294.2,1114.4,1114.4,0.0,73.6,158.1,882.7,0.0,0.0
1118,A,37002.9,33295.8,32330.3,965.5,965.5,0.0,46.0,314.2,605.3,0.0,0.0
1119,C,37146.5,35811.8,34654.9,1156.9,1156.9,393.3,0.0,229.1,534.5,0.0,0.0
1120,A,37482.7,35165.7,34000.6,1165.1,1165.1,0.0,221.0,84.4,859.8,0.0,0.0
1121,A,37949.3,34265.0,31827.2,2437.9,2437.9,0.0,215.3,463.2,1759.3,0.0,0.0
1122,G,,,,,,,,,,,
1123,A,38331.1,36467.8,34049.4,2418.4,2418.4,0.0,335.0,920.4,1163.0,0.0,0.0
1124,A,38484.5,34764.3,31992.9,2771.4,2771.4,0.0,202.4,161.9,2407.0,0.0,0.0
1125,T,,,,,,,,,,,
1126,T,,,,,,,,,,,
1127,G,,,,,,,,,,,
1128,T,,,,,,,,,,,
1129,T,,,,,,,,,,,
1130,T,,,,,,,,,,,
1131,C,38210.4,37391.3,36930.7,460.6,460.6,239.5,0.0,47.9,173.2,0.0,0.0
1132,A,38843.5,37534.9,35158.2,2376.7,2376.7,0.0,668.3,107.2,1601.1,0.0,0.0
1133,G,,,,,,,,,,,
1134,A,39150.2,37352.1,35033.1,2319.0,2319.0,0.0,379.3,866.0,1073.6,0.0,0.0
1135,A,39248.1,37218.3,36389.5,828.8,828.8,0.0,166.5,140.6,521.7,0.0,0.0
1136,G,,,,,,,,,,,
1137,T,,,,,,,,,,,
1138,A,39042.5,37512.0,37355.1,157.0,157.0,0.0,50.1,33.4,73.5,0.0,0.0
1139,C,38938.1,38363.8,38239.2,124.5,124.5,45.9,0.0,19.7,59.0,0.0,0.0
1140,T,,,,,,,,,,,
1141,T,,,,,,,,,,,
1142,T,,,,,,,,,,,
1143,A,39267.7,36249.1,34334.2,1914.9,1914.9,0.0,92.7,58.3,1763.9,0.0,0.0
1144,A,39819.2,37254.2,35321.1,1933.1,1933.1,0.0,231.3,338.3,1363.5,0.0,0.0
1145,G,,,,,,,,,,,
1146,T,,,,,,,,,,,
1147,A,40419.7,39313.4,39120.5,192.9,192.9,0.0,55.1,48.2,89.6,0.0,0.0
1148,C,40530.6,40073.7,39926.2,147.5,147.5,52.5,0.0,26.2,68.9,0.0,0.0
1149,T,,,,,,,,,,,
1150,G,,,,,,,,,,,
1151,G,,,,,,,,,,,
1152,G,,,,,,,,,,,
1153,A,41450.9,40034.6,39362.0,672.6,672.6,0.0,122.9,126.3,423.4,0.0,0.0
1154,T,,,,,,,,,,,
1155,C,41385.6,40148.8,39614.5,534.3,534.3,249.1,0.0,104.7,180.5,0.0,0.0
1156,A,41643.4,39368.9,37889.8,1479.1,1479.1,0.0,423.1,45.7,1010.2,0.0,0.0
1157,A,41989.3,39430.9,37270.2,2160.7,2160.7,0.0,254.0,445.4,1461.3,0.0,0.0
1158,G,,,,,,,,,,,
1159,A,42273.2,40553.5,37434.3,3119.2,3119.2,0.0,583.1,1141.1,1395.0,0.0,0.0
1160,G,,,,,,,,,,,
1161,T,,,,,,,,,,,
1162,A,42178.6,40285.9,39952.1,333.8,333.8,0.0,71.0,28.4,234.3,0.0,0.0
1163,T,,,,,,,,,,,
1164,C,41982.8,41000.5,40875.3,125.2,125.2,23.7,0.0,40.6,60.9,0.0,0.0
1165,A,42012.2,40155.3,39796.0,359.3,359.3,0.0,88.1,78.0,193.2,0.0,0.0
1166,T,,,,,,,,,,,
1167,C,41764.2,39571.2,38743.8,827.4,827.4,359.6,0.0,164.1,303.7,0.0,0.0
1168,C,41698.9,40122.7,39775.6,347.0,347.0,101.9,0.0,52.8,192.4,0.0,0.0
1169,T,,,,,,,,,,,
1170,A,41656.5,38951.2,36923.2,2028.0,2028.0,0.0,163.3,87.1,1777.7,0.0,0.0
1171,A,41881.6,38327.9,35774.1,2553.8,2553.8,0.0,167.9,573.7,1812.1,0.0,0.0
1172,C,42070.9,41307.3,40700.2,607.1,607.1,277.7,0.0,92.6,236.9,0.0,0.0
1173,T,,,,,,,,,,,
1174,G,,,,,,,,,,,
1175,C,41839.2,40566.5,40122.6,443.9,443.9,143.5,0.0,123.5,176.9,0.0,0.0
1176,C,41649.9,38941.4,38571.9,369.4,369.4,122.0,0.0,108.9,138.5,0.0,0.0
1177,G,,,,,,,,,,,
1178,T,,,,,,,,,,,
1179,G,,,,,,,,,,,
1180,A,40233.6,38664.0,37844.6,819.4,819.4,0.0,99.1,383.3,337.0,0.0,0.0
1181,C,40158.6,39548.3,39051.7,496.6,496.6,210.0,0.0,63.3,223.3,0.0,0.0
1182,T,,,,,,,,,,,
1183,G,,,,,,,,,,,
1184,T,,,,,,,,,,,
1185,A,39701.7,38357.2,35182.0,3175.2,3175.2,0.0,424.2,114.2,2636.8,0.0,0.0
1186,G,,,,,,,,,,,
1187,T,,,,,,,,,,,
1188,G,,,,,,,,,,,
1189,A,39802.9,37639.3,36931.7,707.6,707.6,0.0,113.0,312.3,282.4,0.0,0.0
1190,T,,,,,,,,,,,
1191,G,,,,,,,,,,,
1192,A,39773.5,37583.8,36887.2,696.6,696.6,0.0,122.9,321.0,252.7,0.0,0.0
1193,C,39776.8,38650.9,38208.8,442.1,442.1,101.2,0.0,158.6,182.2,0.0,0.0
1194,A,39734.4,38001.5,37403.4,598.1,598.1,0.0,184.8,184.8,228.5,0.0,0.0
1195,G,,,,,,,,,,,
1196,G,,,,,,,,,,,
1197,T,,,,,,,,,,,
1198,G,,,,,,,,,,,
1199,T,,,,,,,,,,,
1200,T,,,,,,,,,,,
1201,T,,,,,,,,,,,
1202,G,,,,,,,,,,,
1203,A,38905.5,37012.7,36489.7,523.0,523.0,0.0,53.0,307.9,162.2,0.0,0.0
1204,T,,,,,,,,,,,
1205,A,38827.2,36686.4,36372.8,313.6,313.6,0.0,40.1,72.9,200.6,0.0,0.0
1206,C,38739.0,38030.9,37753.4,277.5,277.5,116.9,0.0,69.4,91.3,0.0,0.0
1207,A,38575.9,37348.9,34091.6,3257.3,3257.3,0.0,241.6,119.2,2896.5,0.0,0.0
1208,T,,,,,,,,,,,
1209,T,,,,,,,,,,,
1210,G,,,,,,,,,,,
1211,T,,,,,,,,,,,
1212,G,,,,,,,,,,,
1213,C,37322.8,36487.3,35698.3,789.0,789.0,320.2,0.0,144.8,324.0,0.0,0.0
1214,A,36389.4,34591.3,33422.4,1168.9,1168.9,0.0,622.9,107.7,438.3,0.0,0.0
1215,A,36121.8,33354.5,31102.0,2252.5,2252.5,0.0,193.0,278.3,1781.2,0.0,0.0
1216,A,36046.8,33693.9,31547.7,2146.3,2146.3,0.0,164.0,488.1,1494.2,0.0,0.0
1217,C,36069.6,35501.8,34749.0,752.8,752.8,142.1,0.0,65.3,545.4,0.0,0.0
1218,T,,,,,,,,,,,
1219,T,,,,,,,,,,,
1220,C,35593.2,34036.6,33762.8,273.8,273.8,116.4,0.0,20.5,136.9,0.0,0.0
1221,A,35521.4,34245.4,33724.0,521.4,521.4,0.0,144.1,109.8,267.6,0.0,0.0
1222,A,35488.8,32979.3,32475.0,504.2,504.2,0.0,54.9,157.8,291.6,0.0,0.0
1223,T,,,,,,,,,,,
1224,A,35204.9,33269.7,32311.4,958.3,958.3,0.0,56.4,102.2,799.7,0.0,0.0
1225,T,,,,,,,,,,,
1226,C,34663.1,33586.2,31997.0,1589.2,1589.2,529.7,0.0,107.3,952.2,0.0,0.0
1227,T,,,,,,,,,,,
1228,T,,,,,,,,,,,
1229,G,,,,,,,,,,,
1230,T,,,,,,,,,,,
1231,T,,,,,,,,,,,
1232,T,,,,,,,,,,,
1233,T,,,,,,,,,,,
1234,C,33135.9,31886.0,31707.8,178.2,178.2,66.0,0.0,49.5,62.7,0.0,0.0
1235,T,,,,,,,,,,,
1236,A,32985.8,31301.9,31058.9,243.0,243.0,0.0,26.6,99.9,116.5,0.0,0.0
1237,C,32933.6,32199.3,32075.6,123.7,123.7,46.8,0.0,13.4,63.5,0.0,0.0
1238,A,32773.7,31243.2,31050.8,192.3,192.3,0.0,49.7,49.7,92.9,0.0,0.0
1239,C,32548.5,32055.7,31903.8,152.0,152.0,47.3,0.0,37.1,67.5,0.0,0.0
1240,T,,,,,,,,,,,
1241,T,,,,,,,,,,,
1242,A,32068.8,28909.9,28420.4,489.4,489.4,0.0,87.2,103.9,298.4,0.0,0.0
1243,T,,,,,,,,,,,
1244,A,31781.6,28896.8,28399.7,497.1,497.1,0.0,60.5,124.3,312.4,0.0,0.0
1245,C,31693.5,30528.5,30311.6,216.9,216.9,78.1,0.0,73.8,65.1,0.0,0.0
1246,C,31523.8,28619.4,28359.9,259.5,259.5,83.6,0.0,88.0,88.0,0.0,0.0
1247,G,,,,,,,,,,,
1248,C,31044.1,29438.5,22214.8,7223.8,7223.8,2741.5,0.0,2146.3,2336.0,0.0,0.0
1249,A,31448.8,28906.6,27733.1,1173.5,1173.5,0.0,491.6,95.1,586.7,0.0,0.0
1250,G,,,,,,,,,,,
1251,A,31272.5,29334.1,25602.3,3731.8,3731.8,0.0,514.7,1796.8,1415.5,0.0,0.0
1252,C,31452.0,30404.5,26838.6,3565.9,3565.9,676.8,0.0,228.2,2660.9,0.0,0.0
1253,T,,,,,,,,,,,
1254,T,,,,,,,,,,,
1255,C,31455.3,29957.4,28284.2,1673.2,1673.2,192.0,0.0,68.8,1412.5,0.0,0.0
1256,T,,,,,,,,,,,
1257,T,,,,,,,,,,,
1258,T,,,,,,,,,,,
1259,C,31647.8,30019.4,29862.8,156.6,156.6,52.2,0.0,26.1,78.3,0.0,0.0
1260,G,,,,,,,,,,,
1261,G,,,,,,,,,,,
1262,T,,,,,,,,,,,
1263,A,31745.7,30779.8,30075.9,703.9,703.9,0.0,83.6,34.8,585.4,0.0,0.0
1264,A,31882.8,28626.0,26768.5,1857.5,1857.5,0.0,13.3,46.7,1797.4,0.0,0.0
1265,T,,,,,,,,,,,
1266,T,,,,,,,,,,,
1267,T,,,,,,,,,,,
1268,G,,,,,,,,,,,
1269,T,,,,,,,,,,,
1270,G,,,,,,,,,,,
1271,T,,,,,,,,,,,
1272,A,32760.6,31866.5,31737.6,128.8,128.8,0.0,33.0,33.0,62.8,0.0,0.0
1273,G,,,,,,,,,,,
1274,A,32979.3,31027.8,30841.4,186.4,186.4,0.0,23.7,71.2,91.5,0.0,0.0
1275,A,33011.9,30623.1,30423.3,199.8,199.8,0.0,40.6,40.6,118.5,0.0,0.0
1276,A,33083.7,30476.3,30180.4,295.9,295.9,0.0,26.9,70.6,198.4,0.0,0.0
1277,A,33197.9,31008.2,30461.3,546.9,546.9,0.0,46.7,76.7,423.5,0.0,0.0
1278,G,,,,,,,,,,,
1279,T,,,,,,,,,,,
1280,T,,,,,,,,,,,
1281,T,,,,,,,,,,,
1282,T,,,,,,,,,,,
1283,T,,,,,,,,,,,
1284,G,,,,,,,,,,,
1285,T,,,,,,,,,,,
1286,T,,,,,,,,,,,
1287,G,,,,,,,,,,,
1288,A,33214.2,31442.2,30479.5,962.7,962.7,0.0,146.9,528.7,287.2,0.0,0.0
1289,T,,,,,,,,,,,
1290,G,,,,,,,,,,,
1291,G,,,,,,,,,,,
1292,T,,,,,,,,,,,
1293,G,,,,,,,,,,,
1294,T,,,,,,,,,,,
1295,A,29405.9,28250.7,27342.2,908.5,908.5,0.0,257.9,111.1,539.5,0.0,0.0
1296,C,29262.3,28743.4,28016.3,727.2,727.2,351.6,0.0,107.9,267.7,0.0,0.0
1297,C,28945.8,28097.3,24236.2,3861.1,3861.1,1619.4,0.0,537.4,1704.3,0.0,0.0
1298,A,29056.7,28335.5,27308.4,1027.1,1027.1,0.0,11.9,59.3,956.0,0.0,0.0
1299,T,,,,,,,,,,,
1300,T,,,,,,,,,,,
1301,T,,,,,,,,,,,
1302,A,29007.8,27699.2,27421.2,278.0,278.0,0.0,59.6,76.1,142.3,0.0,0.0
1303,T,,,,,,,,,,,
1304,A,28913.1,27777.5,27382.6,394.9,394.9,0.0,109.5,109.5,175.9,0.0,0.0
1305,G,,,,,,,,,,,
1306,C,28727.1,28195.2,27990.2,205.0,205.0,70.7,0.0,74.2,60.1,0.0,0.0
1307,T,,,,,,,,,,,
1308,A,28100.6,27013.9,25518.3,1495.6,1495.6,0.0,126.0,86.2,1283.4,0.0,0.0
1309,C,27960.2,27598.0,27326.9,271.1,271.1,79.9,0.0,20.9,170.3,0.0,0.0
1310,T,,,,,,,,,,,
1311,T,,,,,,,,,,,
1312,G,,,,,,,,,,,
1313,T,,,,,,,,,,,
1314,G,,,,,,,,,,,
1315,G,,,,,,,,,,,
1316,C,27487.1,27046.5,26725.1,321.4,321.4,82.8,0.0,125.9,112.7,0.0,0.0
1317,T,,,,,,,,,,,
1318,A,27193.4,26410.2,25990.5,419.7,419.7,0.0,48.2,20.6,350.9,0.0,0.0
1319,T,,,,,,,,,,,
1320,C,27363.1,26658.2,26087.0,571.2,571.2,263.6,0.0,67.6,240.0,0.0,0.0
1321,A,27585.0,26713.7,26153.1,560.6,560.6,0.0,52.9,24.7,483.0,0.0,0.0
1322,T,,,,,,,,,,,
1323,T,,,,,,,,,,,
1324,C,27819.9,26697.3,25537.2,1160.1,1160.1,498.7,0.0,191.0,470.4,0.0,0.0
1325,T,,,,,,,,,,,
1326,A,27751.4,26047.9,25111.9,936.0,936.0,0.0,94.3,157.2,684.5,0.0,0.0
1327,A,28045.1,26074.0,25320.0,754.0,754.0,0.0,221.8,151.5,380.7,0.0,0.0
1328,G,,,,,,,,,,,
1329,G,,,,,,,,,,,
1330,A,27245.6,25826.0,24447.9,1378.2,1378.2,0.0,359.4,170.4,848.4,0.0,0.0
1331,A,26821.3,24752.4,22753.3,1999.1,1999.1,0.0,304.6,479.7,1214.9,0.0,0.0
1332,C,26579.9,25754.2,25140.8,613.5,613.5,223.1,0.0,78.1,312.3,0.0,0.0
1333,T,,,,,,,,,,,
1334,T,,,,,,,,,,,
1335,G,,,,,,,,,,,
1336,G,,,,,,,,,,,
1337,T,,,,,,,,,,,
1338,G,,,,,,,,,,,
1339,T,,,,,,,,,,,
1340,T,,,,,,,,,,,
1341,A,24954.7,23796.2,23670.5,125.8,125.8,0.0,13.6,17.0,95.2,0.0,0.0
1342,T,,,,,,,,,,,
1343,T,,,,,,,,,,,
1344,A,25150.5,22614.9,21654.9,960.0,960.0,0.0,138.6,104.0,717.4,0.0,0.0
1345,T,,,,,,,,,,,
1346,G,,,,,,,,,,,
1347,A,26074.0,24772.0,23157.0,1614.9,1614.9,0.0,182.5,734.1,698.4,0.0,0.0
1348,A,26746.3,24605.5,22664.0,1941.6,1941.6,0.0,218.0,100.9,1622.7,0.0,0.0
1349,T,,,,,,,,,,,
1350,C,26632.1,25535.6,22815.0,2720.6,2720.6,1092.6,0.0,335.2,1292.8,0.0,0.0
1351,A,26847.5,25238.6,23207.7,2030.9,2030.9,0.0,504.5,55.1,1471.2,0.0,0.0
1352,A,27461.0,25724.9,23116.7,2608.1,2608.1,0.0,195.6,441.1,1971.4,0.0,0.0
1353,G,,,,,,,,,,,
1354,A,27973.3,26511.3,26254.8,256.6,256.6,0.0,23.3,159.4,73.9,0.0,0.0
1355,T,,,,,,,,,,,
1356,A,28038.6,25613.9,25473.4,140.5,140.5,0.0,20.1,20.1,100.3,0.0,0.0
1357,A,28051.6,25398.5,25161.7,236.8,236.8,0.0,36.7,66.7,133.4,0.0,0.0
1358,C,28061.4,27620.9,27550.8,70.1,70.1,10.0,0.0,16.7,43.4,0.0,0.0
1359,A,28094.0,26929.0,26798.3,130.8,130.8,0.0,33.5,16.8,80.5,0.0,0.0
1360,C,28178.9,27614.3,27587.6,26.8,26.8,10.0,0.0,3.3,13.4,0.0,0.0
1361,C,28198.5,26136.0,26076.4,59.6,59.6,16.6,0.0,23.2,19.9,0.0,0.0
1362,A,28391.0,27454.4,27266.9,187.5,187.5,0.0,9.9,13.2,164.5,0.0,0.0
1363,T,,,,,,,,,,,
1364,G,,,,,,,,,,,
1365,T,,,,,,,,,,,
1366,C,28825.0,27565.4,27382.6,182.7,182.7,9.8,0.0,3.3,169.7,0.0,0.0
1367,T,,,,,,,,,,,
1368,T,,,,,,,,,,,
1369,T,,,,,,,,,,,
1370,T,,,,,,,,,,,
1371,T,,,,,,,,,,,
1372,C,29885.6,27509.9,27062.8,447.1,447.1,401.4,0.0,6.5,39.2,0.0,0.0
1373,A,,,,,,,,,,,
1374,A,,,,,,,,,,,
1375,A,,,,,,,,,,,
1376,A,,,,,,,,,,,
1377,A,,,,,,,,,,,
1378,T,,,,,,,,,,,
1379,G,,,,,,,,,,,
1380,G,,,,,,,,,,,
1381,G,,,,,,,,,,,
1382,T,,,,,,,,,,,
1383,T,,,,,,,,,,,
1384,T,,,,,,,,,,,
1385,A,28714.1,27167.3,25629.7,1537.6,1537.6,0.0,118.3,64.2,1355.1,0.0,0.0
1386,A,29063.3,27379.4,26365.1,1014.3,1014.3,0.0,137.4,147.9,729.0,0.0,0.0
1387,G,,,,,,,,,,,
1388,T,,,,,,,,,,,
1389,C,29135.0,27767.7,27130.5,637.2,637.2,275.2,0.0,90.5,271.5,0.0,0.0
1390,A,29236.2,27523.0,26473.5,1049.4,1049.4,0.0,200.6,64.5,784.4,0.0,0.0
1391,A,29448.3,27536.0,25711.0,1825.0,1825.0,0.0,106.9,445.6,1272.5,0.0,0.0
1392,C,29565.8,28978.4,28687.6,290.8,290.8,98.3,0.0,11.8,180.8,0.0,0.0
1393,T,,,,,,,,,,,
1394,C,29644.1,28652.1,27920.1,732.0,732.0,371.4,0.0,105.6,254.9,0.0,0.0
1395,A,29931.3,28250.7,27124.2,1126.5,1126.5,0.0,388.3,52.5,685.7,0.0,0.0
1396,T,,,,,,,,,,,
1397,G,,,,,,,,,,,
1398,C,30349.0,29686.6,28476.7,1209.8,1209.8,515.4,0.0,282.8,411.6,0.0,0.0
1399,A,30694.9,28916.4,27320.1,1596.3,1596.3,0.0,420.3,64.4,1111.7,0.0,0.0
1400,G,,,,,,,,,,,
1401,T,,,,,,,,,,,
1402,T,,,,,,,,,,,
1403,T,,,,,,,,,,,
1404,G,,,,,,,,,,,
1405,T,,,,,,,,,,,
1406,T,,,,,,,,,,,
1407,G,,,,,,,,,,,
1408,G,,,,,,,,,,,
1409,A,31827.3,29582.1,29082.4,499.7,499.7,0.0,131.9,170.0,197.8,0.0,0.0
1410,G,,,,,,,,,,,
1411,A,31478.1,29144.8,27372.7,1772.1,1772.1,0.0,253.2,353.1,1165.9,0.0,0.0
1412,T,,,,,,,,,,,
1413,C,31272.5,29526.6,29443.2,83.4,83.4,20.9,0.0,20.9,41.7,0.0,0.0
1414,C,31266.0,29875.8,29816.5,59.3,59.3,27.9,0.0,10.5,20.9,0.0,0.0
1415,T,,,,,,,,,,,
1416,G,,,,,,,,,,,
1417,C,31458.5,30734.1,30672.0,62.1,62.1,26.2,0.0,19.6,16.3,0.0,0.0
1418,T,,,,,,,,,,,
1419,T,,,,,,,,,,,
1420,T,,,,,,,,,,,
1421,G,,,,,,,,,,,
1422,T,,,,,,,,,,,
1423,T,,,,,,,,,,,
1424,A,32646.4,31324.7,30952.7,372.0,372.0,0.0,94.6,32.6,244.8,0.0,0.0
1425,G,,,,,,,,,,,
1426,T,,,,,,,,,,,
1427,G,,,,,,,,,,,
1428,G,,,,,,,,,,,
1429,G,,,,,,,,,,,
1430,A,34134.5,32395.1,31839.8,555.3,555.3,0.0,139.9,165.3,250.1,0.0,0.0
1431,A,34216.1,31174.6,28493.9,2680.8,2680.8,0.0,303.6,548.0,1829.2,0.0,0.0
1432,C,34340.1,33439.4,31525.3,1914.1,1914.1,818.6,0.0,366.5,729.0,0.0,0.0
1433,A,34558.7,33250.1,28912.4,4337.7,4337.7,0.0,733.6,67.7,3536.4,0.0,0.0
1434,T,,,,,,,,,,,
1435,C,34917.7,33331.7,33280.7,51.0,51.0,7.8,0.0,7.8,35.3,0.0,0.0
1436,C,35025.4,33005.4,32953.3,52.0,52.0,22.3,0.0,11.2,18.6,0.0,0.0
1437,A,35325.6,34203.0,34053.3,149.7,149.7,0.0,16.6,33.3,99.8,0.0,0.0
1438,A,35550.8,33289.3,33139.9,149.4,149.4,0.0,23.8,17.0,108.6,0.0,0.0
1439,T,,,,,,,,,,,
1440,A,36099.0,34689.2,34262.7,426.6,426.6,0.0,50.4,23.5,352.7,0.0,0.0
1441,A,36444.9,32427.8,31770.9,656.8,656.8,0.0,10.0,56.4,590.5,0.0,0.0
1442,T,,,,,,,,,,,
1443,T,,,,,,,,,,,
1444,T,,,,,,,,,,,
1445,A,37218.3,35462.7,33684.1,1778.5,1778.5,0.0,205.6,45.7,1527.2,0.0,0.0
1446,G,,,,,,,,,,,
1447,T,,,,,,,,,,,
1448,T,,,,,,,,,,,
1449,G,,,,,,,,,,,
1450,A,38106.0,36425.3,36032.0,393.3,393.3,0.0,81.9,95.0,216.3,0.0,0.0
1451,T,,,,,,,,,,,
1452,C,38001.5,37221.6,37059.0,162.6,162.6,43.1,0.0,23.2,96.2,0.0,0.0
1453,T,,,,,,,,,,,
1454,T,,,,,,,,,,,
1455,A,38275.6,36334.0,36117.8,216.2,216.2,0.0,50.7,30.4,135.1,0.0,0.0
1456,G,,,,,,,,,,,
1457,A,38406.2,36461.2,35909.7,551.5,551.5,0.0,100.3,200.5,250.7,0.0,0.0
1458,A,38396.4,34829.6,34218.7,610.9,610.9,0.0,110.7,114.3,385.8,0.0,0.0
1459,C,38393.1,37140.0,34548.1,2591.9,2591.9,963.1,0.0,638.7,990.1,0.0,0.0
1460,G,,,,,,,,,,,
1461,T,,,,,,,,,,,
1462,C,38148.4,37192.2,37006.8,185.5,185.5,63.0,0.0,21.0,101.5,0.0,0.0
1463,T,,,,,,,,,,,
1464,T,,,,,,,,,,,
1465,G,,,,,,,,,,,
1466,T,,,,,,,,,,,
1467,T,,,,,,,,,,,
1468,T,,,,,,,,,,,
1469,T,,,,,,,,,,,
1470,A,38354.0,36510.2,36115.3,394.9,394.9,0.0,49.0,111.0,235.0,0.0,0.0
1471,G,,,,,,,,,,,
1472,T,,,,,,,,,,,
1473,G,,,,,,,,,,,
1474,T,,,,,,,,,,,
1475,T,,,,,,,,,,,
1476,T,,,,,,,,,,,
1477,G,,,,,,,,,,,
1478,T,,,,,,,,,,,
1479,G,,,,,,,,,,,
1480,C,37926.5,36435.1,33693.9,2741.2,2741.2,1011.6,0.0,897.4,832.2,0.0,0.0
1481,G,,,,,,,,,,,
1482,T,,,,,,,,,,,
1483,T,,,,,,,,,,,
1484,A,35051.5,32303.7,30113.1,2190.6,2190.6,0.0,126.9,56.0,2007.8,0.0,0.0
1485,A,35270.1,32662.7,29709.5,2953.2,2953.2,0.0,102.0,546.2,2305.0,0.0,0.0
1486,C,35730.2,35116.7,34217.8,898.9,898.9,410.0,0.0,153.8,335.1,0.0,0.0
1487,A,35798.8,34666.4,33691.2,975.2,975.2,0.0,161.2,70.8,743.2,0.0,0.0
1488,T,,,,,,,,,,,
1489,C,35720.5,33847.3,33488.7,358.6,358.6,177.6,0.0,85.4,95.6,0.0,0.0
1490,T,,,,,,,,,,,
1491,G,,,,,,,,,,,
1492,G,,,,,,,,,,,
1493,T,,,,,,,,,,,
1494,A,34969.9,33791.8,30510.8,3281.0,3281.0,0.0,938.4,65.6,2277.0,0.0,0.0
1495,T,,,,,,,,,,,
1496,T,,,,,,,,,,,
1497,A,35142.8,33266.4,33060.8,205.6,205.6,0.0,44.9,26.2,134.6,0.0,0.0
1498,C,35195.1,34480.4,34373.9,106.5,106.5,39.1,0.0,10.7,56.8,0.0,0.0
1499,T,,,,,,,,,,,
1500,C,35142.8,33690.7,32460.0,1230.6,1230.6,451.4,0.0,127.3,652.0,0.0,0.0
1501,A,35877.1,33684.1,31831.2,1852.9,1852.9,0.0,267.6,99.8,1485.5,0.0,0.0
1502,T,,,,,,,,,,,
1503,C,36099.0,34186.7,29589.4,4597.3,4597.3,2085.8,0.0,494.6,2017.0,0.0,0.0
1504,A,36950.7,33312.1,30766.5,2545.6,2545.6,0.0,1427.1,81.0,1037.5,0.0,0.0
1505,A,37580.6,33951.7,30418.3,3533.4,3533.4,0.0,195.3,269.7,3068.5,0.0,0.0
1506,A,38442.1,34398.8,31583.0,2815.8,2815.8,0.0,138.2,595.6,2082.1,0.0,0.0
1507,C,39026.2,36927.9,32272.8,4655.0,4655.0,1282.9,0.0,1616.6,1755.6,0.0,0.0
1508,G,,,,,,,,,,,
1509,G,,,,,,,,,,,
1510,T,,,,,,,,,,,
1511,A,40197.8,30623.1,30325.6,297.5,297.5,0.0,49.6,24.8,223.2,0.0,0.0
1512,A,40334.8,29937.8,28766.8,1171.1,1171.1,0.0,125.8,193.6,851.7,0.0,0.0
1513,A,40631.8,31354.1,21048.1,10306.0,10306.0,0.0,336.5,775.0,9194.5,0.0,0.0
1514,G,,,,,,,,,,,
1515,C,41705.4,40488.2,40257.2,231.0,231.0,120.5,0.0,45.2,65.3,0.0,0.0
1516,C,41796.8,39114.3,38901.9,212.5,212.5,38.6,0.0,77.3,96.6,0.0,0.0
1517,A,42038.3,40090.1,39797.5,292.6,292.6,0.0,29.6,59.2,203.8,0.0,0.0
1518,G,,,,,,,,,,,
1519,G,,,,,,,,,,,
1520,T,,,,,,,,,,,
1521,C,42420.1,40798.2,40509.4,288.8,288.8,106.2,0.0,49.8,132.8,0.0,0.0
1522,A,42566.9,41111.5,40541.2,570.3,570.3,0.0,184.6,19.8,365.9,0.0,0.0
1523,C,42772.5,42237.3,42100.7,136.6,136.6,50.0,0.0,6.7,80.0,0.0,0.0
1524,T,,,,,,,,,,,
1525,T,,,,,,,,,,,
1526,T,,,,,,,,,,,
1527,A,43692.8,40941.8,40650.2,291.6,291.6,0.0,33.5,36.9,221.2,0.0,0.0
1528,A,44051.8,40338.1,39889.8,448.3,448.3,0.0,47.2,118.0,283.2,0.0,0.0
1529,C,44381.3,43780.9,43570.6,210.3,210.3,50.9,0.0,71.2,88.2,0.0,0.0
1530,A,44818.6,41790.3,41318.4,471.8,471.8,0.0,128.1,87.6,256.1,0.0,0.0
1531,A,45242.9,42002.4,41584.0,418.4,418.4,0.0,78.9,168.1,171.5,0.0,0.0
1532,G,,,,,,,,,,,
1533,G,,,,,,,,,,,
1534,A,45614.9,43683.0,42678.2,1004.8,1004.8,0.0,121.9,112.0,770.9,0.0,0.0
1535,T,,,,,,,,,,,
1536,T,,,,,,,,,,,
1537,T,,,,,,,,,,,
1538,C,45500.7,44159.4,44043.8,115.6,115.6,26.4,0.0,19.8,69.4,0.0,0.0
1539,T,,,,,,,,,,,
1540,A,45915.1,43663.4,43130.0,533.4,533.4,0.0,36.4,43.1,453.9,0.0,0.0
1541,T,,,,,,,,,,,
1542,G,,,,,,,,,,,
1543,A,46985.5,45255.9,44684.5,571.4,571.4,0.0,26.4,112.3,432.7,0.0,0.0
1544,T,,,,,,,,,,,
1545,T,,,,,,,,,,,
1546,T,,,,,,,,,,,
1547,T,,,,,,,,,,,
1548,G,,,,,,,,,,,
1549,C,48160.3,46952.9,46568.6,384.3,384.3,148.9,0.0,90.0,145.4,0.0,0.0
1550,A,49240.5,46737.5,45342.3,1395.2,1395.2,0.0,396.2,182.9,816.1,0.0,0.0
1551,G,,,,,,,,,,,
1552,A,51074.4,48356.1,46687.4,1668.7,1668.7,0.0,334.5,633.6,700.5,0.0,0.0
1553,G,,,,,,,,,,,
1554,A,51753.2,47971.0,45691.6,2279.4,2279.4,0.0,317.6,893.1,1068.7,0.0,0.0
1555,A,52249.2,47687.1,42564.1,5123.0,5123.0,0.0,815.1,650.7,3657.2,0.0,0.0
1556,G,,,,,,,,,,,
1557,G,,,,,,,,,,,
1558,C,52131.8,50239.0,49207.9,1031.2,1031.2,521.0,0.0,256.9,253.3,0.0,0.0
1559,T,,,,,,,,,,,
1560,G,,,,,,,,,,,
1561,G,,,,,,,,,,,
1562,T,,,,,,,,,,,
1563,A,50004.1,48059.1,47027.9,1031.2,1031.2,0.0,166.4,58.7,806.0,0.0,0.0
1564,T,,,,,,,,,,,
1565,G,,,,,,,,,,,
1566,T,,,,,,,,,,,
1567,T,,,,,,,,,,,
1568,T,,,,,,,,,,,
1569,A,52144.8,48826.0,47498.1,1327.9,1327.9,0.0,168.9,118.3,1040.7,0.0,0.0
1570,A,53691.6,49700.6,47833.5,1867.1,1867.1,0.0,587.7,297.4,981.9,0.0,0.0
1571,G,,,,,,,,,,,
1572,G,,,,,,,,,,,
1573,A,57823.0,53316.4,49734.7,3581.7,3581.7,0.0,854.9,858.2,1868.5,0.0,0.0
1574,G,,,,,,,,,,,
1575,G,,,,,,,,,,,
1576,G,,,,,,,,,,,
1577,T,,,,,,,,,,,
1578,T,,,,,,,,,,,
1579,C,54589.1,51404.0,47458.1,3945.9,3945.9,1289.9,0.0,970.9,1685.2,0.0,0.0
1580,G,,,,,,,,,,,
1581,T,,,,,,,,,,,
1582,C,56116.3,54719.6,51108.3,3611.3,3611.3,1375.7,0.0,472.0,1763.6,0.0,0.0
1583,T,,,,,,,,,,,
1584,A,57836.1,54938.2,52566.1,2372.1,2372.1,0.0,54.4,65.3,2252.4,0.0,0.0
1585,T,,,,,,,,,,,
1586,A,59043.5,55590.9,53555.6,2035.3,2035.3,0.0,228.9,105.6,1700.8,0.0,0.0
1587,C,59774.5,58619.3,57956.5,662.8,662.8,304.2,0.0,144.9,213.7,0.0,0.0
1588,C,60319.5,56648.2,56438.1,210.1,210.1,77.0,0.0,52.5,80.5,0.0,0.0
1589,A,61132.0,58511.6,57169.0,1342.6,1342.6,0.0,61.8,133.9,1146.9,0.0,0.0
1590,C,62049.0,61207.1,61071.1,136.0,136.0,37.4,0.0,17.0,81.6,0.0,0.0
1591,T,,,,,,,,,,,
1592,T,,,,,,,,,,,
1593,A,64379.1,58501.8,58211.3,290.5,290.5,0.0,27.3,30.8,232.4,0.0,0.0
1594,A,65511.4,60528.3,60107.7,420.7,420.7,0.0,65.0,41.0,314.6,0.0,0.0
1595,A,66451.3,61239.7,60693.6,546.1,546.1,0.0,58.0,160.4,327.7,0.0,0.0
1596,C,67061.5,65312.4,63439.1,1873.3,1873.3,909.9,0.0,337.9,625.5,0.0,0.0
1597,A,68213.5,59865.9,59579.4,286.5,286.5,0.0,6.8,27.3,252.4,0.0,0.0
1598,T,,,,,,,,,,,
1599,T,,,,,,,,,,,
1600,T,,,,,,,,,,,
1601,T,,,,,,,,,,,
1602,T,,,,,,,,,,,
1603,T,,,,,,,,,,,
1604,C,74191.9,65573.4,63894.9,1678.6,1678.6,643.2,0.0,213.3,822.1,0.0,0.0
1605,T,,,,,,,,,,,
1606,A,78404.9,73970.0,69376.6,4593.4,4593.4,0.0,170.0,138.4,4285.1,0.0,0.0
1607,T,,,,,,,,,,,
1608,C,80043.1,73679.6,67172.3,6507.3,6507.3,1958.9,0.0,810.6,3737.7,0.0,0.0
1609,C,80956.8,72419.9,65952.9,6467.0,6467.0,2204.7,0.0,863.0,3399.3,0.0,0.0
1610,T,,,,,,,,,,,
1611,C,83042.1,80542.4,80353.0,189.3,189.3,90.7,0.0,31.6,67.0,0.0,0.0
1612,A,84621.5,79765.7,79333.0,432.7,432.7,0.0,149.1,69.1,214.5,0.0,0.0
1613,A,85858.3,81443.0,80920.5,522.6,522.6,0.0,117.2,157.4,247.9,0.0,0.0
1614,A,86814.5,81942.3,81081.6,860.7,860.7,0.0,96.7,313.6,450.4,0.0,0.0
1615,C,87258.3,85088.2,84327.9,760.3,760.3,303.5,0.0,176.7,280.1,0.0,0.0
1616,T,,,,,,,,,,,
1617,G,,,,,,,,,,,
1618,G,,,,,,,,,,,
1619,T,,,,,,,,,,,
1620,A,90489.0,86573.0,85601.2,971.8,971.8,0.0,155.6,138.3,677.8,0.0,0.0
1621,A,91559.4,84350.7,79515.1,4835.5,4835.5,0.0,497.5,471.0,3867.1,0.0,0.0
1622,T,,,,,,,,,,,
1623,G,,,,,,,,,,,
1624,C,92597.1,90502.1,89963.9,538.1,538.1,211.0,0.0,151.2,175.9,0.0,0.0
1625,T,,,,,,,,,,,
1626,G,,,,,,,,,,,
1627,C,93951.4,92456.8,90894.6,1562.2,1562.2,583.4,0.0,444.9,533.9,0.0,0.0
1628,T,,,,,,,,,,,
1629,A,95964.9,92750.5,92317.5,433.0,433.0,0.0,55.9,27.9,349.2,0.0,0.0
1630,T,,,,,,,,,,,
1631,A,98657.1,90821.9,88360.8,2461.1,2461.1,0.0,151.9,79.4,2229.8,0.0,0.0
1632,A,100452.0,93073.6,90722.0,2351.6,2351.6,0.0,276.7,169.5,1905.5,0.0,0.0
1633,A,102664.5,94091.7,92252.6,1839.1,1839.1,0.0,195.4,474.6,1169.1,0.0,0.0
1634,C,103973.1,101982.5,101075.8,906.6,906.6,257.5,0.0,462.1,187.0,0.0,0.0
1635,G,,,,,,,,,,,
1636,A,107513.8,102876.6,102058.7,817.9,817.9,0.0,82.1,345.6,390.1,0.0,0.0
1637,T,,,,,,,,,,,
1638,T,,,,,,,,,,,
1639,A,110816.3,101972.7,99679.2,2293.5,2293.5,0.0,336.9,118.3,1838.4,0.0,0.0
1640,T,,,,,,,,,,,
1641,G,,,,,,,,,,,
1642,A,119960.2,114340.7,104429.2,9911.6,9911.6,0.0,748.2,5679.9,3483.5,0.0,0.0
1643,T,,,,,,,,,,,
1644,T,,,,,,,,,,,
1645,A,125716.7,114559.4,110873.8,3685.6,3685.6,0.0,333.1,114.6,3237.8,0.0,0.0
1646,T,,,,,,,,,,,
1647,T,,,,,,,,,,,
1648,A,131476.5,118370.9,117508.6,862.4,862.4,0.0,77.5,30.3,754.6,0.0,0.0
1649,T,,,,,,,,,,,
1650,C,134775.7,128924.6,128664.9,259.6,259.6,69.0,0.0,36.2,154.5,0.0,0.0
1651,G,,,,,,,,,,,
1652,T,,,,,,,,,,,
1653,T,,,,,,,,,,,
1654,A,141341.5,132589.3,131825.6,763.7,763.7,0.0,90.0,43.4,630.3,0.0,0.0
1655,T,,,,,,,,,,,
1656,A,145205.3,135193.4,134271.3,922.1,922.1,0.0,105.9,71.7,744.5,0.0,0.0
1657,A,146719.5,131939.9,129895.0,2044.8,2044.8,0.0,94.8,494.3,1455.8,0.0,0.0
1658,C,148889.6,145858.0,144654.3,1203.7,1203.7,471.3,0.0,373.0,359.4,0.0,0.0
1659,A,151105.4,142715.4,140209.0,2506.4,2506.4,0.0,782.1,302.2,1422.0,0.0,0.0
1660,G,,,,,,,,,,,
1661,G,,,,,,,,,,,
1662,C,154564.6,147848.6,139290.9,8557.7,8557.7,2501.2,0.0,2880.4,3176.1,0.0,0.0
1663,C,155344.5,149092.0,142686.6,6405.4,6405.4,2539.9,0.0,619.3,3246.2,0.0,0.0
1664,T,,,,,,,,,,,
1665,A,157619.0,149721.8,148667.5,1054.3,1054.3,0.0,211.6,69.3,773.4,0.0,0.0
1666,C,158588.3,154257.8,154001.9,256.0,256.0,96.8,0.0,62.3,96.8,0.0,0.0
1667,C,159521.6,149186.6,148768.9,417.6,417.6,132.6,0.0,112.7,172.4,0.0,0.0
1668,A,161619.9,151252.3,150088.0,1164.3,1164.3,0.0,46.2,66.0,1052.2,0.0,0.0
1669,T,,,,,,,,,,,
1670,G,,,,,,,,,,,
1671,T,,,,,,,,,,,
1672,T,,,,,,,,,,,
1673,T,,,,,,,,,,,
1674,G,,,,,,,,,,,
1675,A,171537.2,162432.5,158240.2,4192.3,4192.3,0.0,456.3,2149.4,1586.5,0.0,0.0
1676,C,172816.4,164465.5,130548.5,33917.1,33917.1,16511.9,0.0,4701.7,12703.5,0.0,0.0
1677,A,177251.3,168032.3,155731.0,12301.3,12301.3,0.0,2020.4,274.9,10006.0,0.0,0.0
1678,T,,,,,,,,,,,
1679,A,181137.9,167422.1,155664.2,11757.9,11757.9,0.0,678.1,319.9,10760.0,0.0,0.0
1680,T,,,,,,,,,,,
1681,G,,,,,,,,,,,
1682,T,,,,,,,,,,,
1683,C,183376.5,175130.1,174395.2,734.9,734.9,318.0,0.0,81.3,335.6,0.0,0.0
1684,A,184094.5,174536.2,167165.7,7370.5,7370.5,0.0,1685.5,166.5,5518.5,0.0,0.0
1685,A,185226.9,174908.2,168753.5,6154.7,6154.7,0.0,472.4,1612.3,4070.0,0.0,0.0
1686,C,185618.5,182182.2,181739.1,443.1,443.1,95.7,0.0,60.3,287.1,0.0,0.0
1687,T,,,,,,,,,,,
1688,T,,,,,,,,,,,
1689,C,186062.3,179176.6,178893.3,283.4,283.4,102.1,0.0,39.5,141.7,0.0,0.0
1690,T,,,,,,,,,,,
1691,A,186711.7,175812.1,174517.8,1294.3,1294.3,0.0,19.6,55.6,1219.1,0.0,0.0
1692,T,,,,,,,,,,,
1693,T,,,,,,,,,,,
1694,T,,,,,,,,,,,
1695,T,,,,,,,,,,,
1696,G,,,,,,,,,,,
1697,T,,,,,,,,,,,
1698,T,,,,,,,,,,,
1699,T,,,,,,,,,,,
1700,A,187354.6,180485.2,179560.3,925.0,925.0,0.0,281.8,102.8,540.4,0.0,0.0
1701,G,,,,,,,,,,,
1702,A,187318.7,175854.6,174328.4,1526.2,1526.2,0.0,251.1,502.1,773.0,0.0,0.0
1703,A,187227.3,174513.3,173256.1,1257.2,1257.2,0.0,383.8,195.2,678.2,0.0,0.0
1704,G,,,,,,,,,,,
1705,T,,,,,,,,,,,
1706,G,,,,,,,,,,,
1707,A,187083.7,180922.5,178630.6,2291.9,2291.9,0.0,281.6,1371.9,638.5,0.0,0.0
1708,C,187054.3,184009.6,183366.1,643.5,643.5,175.5,0.0,34.4,433.6,0.0,0.0
1709,T,,,,,,,,,,,
1710,T,,,,,,,,,,,
1711,C,186842.2,178690.4,171160.6,7529.8,7529.8,3702.4,0.0,979.4,2848.0,0.0,0.0
1712,T,,,,,,,,,,,
1713,A,186728.0,175048.5,169747.0,5301.5,5301.5,0.0,271.4,104.9,4925.1,0.0,0.0
1714,A,186646.4,175887.2,169825.3,6061.9,6061.9,0.0,810.3,423.9,4827.8,0.0,0.0
1715,A,186587.7,174741.8,168708.7,6033.1,6033.1,0.0,440.9,591.6,5000.6,0.0,0.0
1716,T,,,,,,,,,,,
1717,A,186287.4,177453.6,170125.4,7328.2,7328.2,0.0,664.9,588.6,6074.7,0.0,0.0
1718,C,186088.4,182185.4,173728.1,8457.3,8457.3,1301.1,0.0,339.3,6816.9,0.0,0.0
1719,T,,,,,,,,,,,
1720,T,,,,,,,,,,,
1721,T,,,,,,,,,,,
1722,G,,,,,,,,,,,
1723,A,184003.1,176918.4,173922.7,2995.7,2995.7,0.0,554.8,1125.9,1315.1,0.0,0.0
1724,G,,,,,,,,,,,
1725,T,,,,,,,,,,,
1726,G,,,,,,,,,,,
1727,T,,,,,,,,,,,
1728,T,,,,,,,,,,,
1729,A,180968.2,165072.5,158574.1,6498.4,6498.4,0.0,617.0,123.4,5757.9,0.0,0.0
1730,T,,,,,,,,,,,
1731,G,,,,,,,,,,,
1732,A,179995.7,168714.4,154669.5,14044.9,14044.9,0.0,1940.2,4336.4,7768.3,0.0,0.0
1733,A,179875.0,169265.9,156122.4,13143.5,13143.5,0.0,1741.1,2034.9,9367.5,0.0,0.0
1734,G,,,,,,,,,,,
1735,G,,,,,,,,,,,
1736,C,179219.1,169540.0,168865.1,675.0,675.0,236.8,0.0,219.1,219.1,0.0,0.0
1737,G,,,,,,,,,,,
1738,G,,,,,,,,,,,
1739,C,177460.1,173684.4,172757.5,926.9,926.9,307.9,0.0,271.9,347.2,0.0,0.0
1740,T,,,,,,,,,,,
1741,G,,,,,,,,,,,
1742,T,,,,,,,,,,,
1743,A,175733.8,166214.7,155425.3,10789.4,10789.4,0.0,2237.2,66.1,8486.0,0.0,0.0
1744,T,,,,,,,,,,,
1745,A,175587.0,166018.9,155614.1,10404.7,10404.7,0.0,1090.2,437.5,8877.0,0.0,0.0
1746,C,175440.1,171524.1,160524.7,10999.4,10999.4,4653.8,0.0,1828.9,4516.8,0.0,0.0
1747,C,175423.8,165346.6,164958.7,387.9,387.9,110.8,0.0,62.8,214.3,0.0,0.0
1748,A,175335.7,169334.4,168556.7,777.7,777.7,0.0,40.5,99.5,637.7,0.0,0.0
1749,G,,,,,,,,,,,
1750,C,175192.1,171726.4,171540.9,185.5,185.5,31.5,0.0,105.0,49.0,0.0,0.0
1751,T,,,,,,,,,,,
1752,A,175081.2,172385.6,161403.8,10981.8,10981.8,0.0,1109.6,388.9,9483.4,0.0,0.0
1753,G,,,,,,,,,,,
1754,C,175015.9,170277.5,167838.7,2438.9,2438.9,911.3,0.0,801.6,726.0,0.0,0.0
1755,C,174931.0,165996.0,163465.0,2531.0,2531.0,1231.5,0.0,219.1,1080.4,0.0,0.0
1756,A,174895.1,165291.1,160465.0,4826.1,4826.1,0.0,177.8,111.6,4536.7,0.0,0.0
1757,A,174856.0,170532.1,163575.7,6956.4,6956.4,0.0,230.8,878.6,5846.9,0.0,0.0
1758,G,,,,,,,,,,,
1759,T,,,,,,,,,,,
1760,T,,,,,,,,,,,
1761,G,,,,,,,,,,,
1762,T,,,,,,,,,,,
1763,A,173873.7,168747.0,152972.1,15775.0,15775.0,0.0,2176.6,427.5,13170.8,0.0,0.0
1764,G,,,,,,,,,,,
1765,T,,,,,,,,,,,
1766,T,,,,,,,,,,,
1767,A,172973.0,159648.8,152587.4,7061.4,7061.4,0.0,481.8,158.3,6421.4,0.0,0.0
1768,A,172842.5,156026.5,152996.8,3029.8,3029.8,0.0,285.5,606.7,2137.6,0.0,0.0
1769,C,172682.6,170147.0,169438.7,708.3,708.3,294.2,0.0,76.3,337.8,0.0,0.0
1770,A,172552.1,166821.7,161373.6,5448.1,5448.1,0.0,1503.2,88.2,3856.7,0.0,0.0
1771,A,172398.7,162980.7,161238.9,1741.8,1741.8,0.0,141.4,558.7,1041.6,0.0,0.0
1772,C,172268.2,169912.0,169509.9,402.1,402.1,137.6,0.0,45.9,218.7,0.0,0.0
1773,T,,,,,,,,,,,
1774,T,,,,,,,,,,,
1775,A,171501.3,161140.2,155590.2,5550.0,5550.0,0.0,787.4,348.4,4414.2,0.0,0.0
1776,G,,,,,,,,,,,
1777,A,171086.8,165803.5,154372.2,11431.2,11431.2,0.0,1130.6,5150.3,5150.3,0.0,0.0
1778,T,,,,,,,,,,,
1779,A,170479.8,161822.2,154200.4,7621.9,7621.9,0.0,539.3,176.0,6906.5,0.0,0.0
1780,A,170104.6,159400.8,151980.7,7420.1,7420.1,0.0,802.0,1101.8,5516.4,0.0,0.0
1781,G,,,,,,,,,,,
1782,A,169184.3,164403.5,159247.9,5155.7,5155.7,0.0,888.3,1481.7,2785.7,0.0,0.0
1783,G,,,,,,,,,,,
1784,T,,,,,,,,,,,
1785,G,,,,,,,,,,,
1786,C,166315.8,161649.3,154230.3,7419.0,7419.0,3408.9,0.0,1501.2,2508.9,0.0,0.0
1787,A,164592.8,157991.1,147543.0,10448.1,10448.1,0.0,2679.4,645.0,7123.7,0.0,0.0
1788,G,,,,,,,,,,,
1789,G,,,,,,,,,,,
1790,C,157553.8,154352.5,147797.9,6554.5,6554.5,984.5,0.0,4622.2,947.9,0.0,0.0
1791,T,,,,,,,,,,,
1792,A,142532.7,137957.5,130451.1,7506.4,7506.4,0.0,620.9,164.9,6720.6,0.0,0.0
1793,T,,,,,,,,,,,
1794,C,137383.1,134413.5,131855.2,2558.3,2558.3,990.2,0.0,485.9,1082.2,0.0,0.0
1795,C,134116.5,130070.0,127686.7,2383.3,2383.3,1027.7,0.0,335.2,1020.4,0.0,0.0
1796,A,126173.6,122104.2,115894.1,6210.1,6210.1,0.0,81.0,57.4,6071.8,0.0,0.0
1797,T,,,,,,,,,,,
1798,T,,,,,,,,,,,
1799,T,,,,,,,,,,,
