Sample,,short2,long2
Relationship,,Mutated,Mutated
Position,Base,,
328,C,0.082659,0.125261
329,A,0.080227,0.07743
330,C,0.105991,0.083489
331,C,0.082745,0.086107
335,C,0.022872,0.050366
338,C,0.021027,0.012074
339,A,0.026853,0.019226
340,C,0.022513,0.056698
341,A,0.036242,0.045934
344,C,0.019922,0.0295
345,A,0.163863,0.170519
346,C,0.122824,0.143907
348,A,0.122384,0.081976
351,A,0.031214,0.032004
352,C,0.010923,0.019703
355,A,0.038166,0.052497
359,C,0.0033,0.012669
362,A,0.01485,0.040738
364,A,0.019017,0.06278
365,C,0.01352,0.079538
366,A,0.031213,0.036087
370,C,0.011968,0.058207
376,A,0.027886,0.037474
377,C,0.01279,0.020468
378,A,0.015285,0.025448
380,C,0.007984,0.043009
382,A,0.014415,0.043491
383,C,0.019735,0.073787
384,A,0.035491,0.0773
385,A,0.03309,0.070208
388,A,0.049453,0.048303
390,A,0.039989,0.044451
391,A,0.039927,0.0725
392,A,0.022308,0.049
395,A,0.003145,0.012876
397,C,0.023306,0.019651
406,C,0.013374,0.06748
408,A,0.01316,0.023024
409,A,0.021649,0.045604
410,A,0.024133,0.030345
413,C,0.014061,0.041039
414,C,0.020773,0.027554
421,C,0.027258,0.032296
423,A,0.021411,0.013349
424,A,0.026011,0.019972
432,C,0.006206,0.002696
434,C,0.012783,0.0106
437,C,0.004366,0.001547
438,C,0.008969,0.011981
439,A,0.024924,0.043578
440,A,0.053422,0.068718
