Position,Base,Rolling SCC,< 0.9
401,T,0.948051948,FALSE
402,G,0.955844156,FALSE
403,G,0.94887218,FALSE
404,T,0.956140351,FALSE
405,A,0.973684211,FALSE
406,A,0.968421053,FALSE
407,A,0.980701754,FALSE
408,T,0.983488132,FALSE
409,T,0.985552116,FALSE
410,C,0.985552116,FALSE
411,C,0.987745098,FALSE
412,T,0.987745098,FALSE
413,T,0.989680083,FALSE
414,A,0.989680083,FALSE
415,A,0.989680083,FALSE
416,G,0.985964912,FALSE
417,A,0.980701754,FALSE
418,C,0.980701754,FALSE
419,G,0.980701754,FALSE
420,A,0.980701754,FALSE
421,A,0.980701754,FALSE
422,T,0.979360165,FALSE
423,T,0.98245614,FALSE
424,G,0.97593985,FALSE
425,T,0.968831169,FALSE
426,T,0.971767363,FALSE
427,C,0.975296443,FALSE
428,A,0.969367589,FALSE
429,A,0.964426877,FALSE
430,G,0.971767363,FALSE
431,A,0.971767363,FALSE
432,T,0.9743083,FALSE
433,T,0.970638058,FALSE
434,T,0.966233766,FALSE
435,A,0.970638058,FALSE
436,G,0.9743083,FALSE
437,G,0.970638058,FALSE
438,A,0.970638058,FALSE
439,A,0.971343874,FALSE
440,T,0.970638058,FALSE
441,T,0.970638058,FALSE
442,T,0.958498024,FALSE
443,G,0.898221344,TRUE
444,G,0.883681536,TRUE
445,A,0.883681536,TRUE
446,C,0.883681536,TRUE
447,A,0.883681536,TRUE
448,A,0.805335968,TRUE
449,A,0.812173913,TRUE
450,C,0.829565217,TRUE
451,A,0.829565217,TRUE
452,T,0.829565217,TRUE
453,G,0.829565217,TRUE
454,A,0.806324111,TRUE
455,T,0.806324111,TRUE
456,G,0.806324111,TRUE
457,C,0.806324111,TRUE
458,C,0.794466403,TRUE
459,T,0.752173913,TRUE
460,A,0.780769231,TRUE
461,C,0.818461538,TRUE
462,T,0.829230769,TRUE
463,A,0.829230769,TRUE
464,C,0.818803419,TRUE
465,A,0.803418803,TRUE
466,T,0.821565408,TRUE
467,T,0.821565408,TRUE
468,G,0.800976801,TRUE
469,T,0.809230769,TRUE
470,C,0.80991453,TRUE
471,A,0.812307692,TRUE
472,A,0.814782609,TRUE
473,A,0.828063241,TRUE
474,C,0.827075099,TRUE
475,G,0.837391304,TRUE
476,T,0.802307692,TRUE
477,T,0.801538462,TRUE
478,G,0.801538462,TRUE
479,T,0.801538462,TRUE
480,A,0.796153846,TRUE
481,C,0.770434783,TRUE
482,A,0.730769231,TRUE
483,A,0.755384615,TRUE
484,A,0.740769231,TRUE
485,G,0.740769231,TRUE
486,A,0.752173913,TRUE
487,C,0.760869565,TRUE
488,C,0.778656126,TRUE
489,G,0.778656126,TRUE
490,T,0.778656126,TRUE
491,T,0.778656126,TRUE
492,A,0.78,TRUE
493,T,0.830039526,TRUE
494,G,0.855731225,TRUE
495,G,0.847826087,TRUE
496,A,0.85770751,TRUE
497,C,0.837380011,TRUE
498,C,0.822134387,TRUE
499,A,0.822134387,TRUE
500,T,0.84173913,TRUE
501,G,0.84173913,TRUE
502,A,0.84173913,TRUE
503,G,0.854782609,TRUE
504,C,0.874782609,TRUE
505,A,0.860869565,TRUE
506,A,0.861660079,TRUE
507,G,0.878458498,TRUE
508,T,0.878458498,TRUE
509,C,0.88255223,TRUE
510,T,0.88255223,TRUE
511,G,0.867532468,TRUE
512,T,0.867532468,TRUE
513,T,0.867532468,TRUE
514,A,0.867532468,TRUE
515,T,0.872180451,TRUE
516,A,0.885714286,TRUE
517,A,0.885714286,TRUE
518,C,0.885714286,TRUE
519,G,0.881203008,TRUE
520,A,0.873684211,TRUE
521,T,0.890608875,TRUE
522,C,0.909184727,FALSE
523,T,0.909184727,FALSE
524,T,0.909184727,FALSE
525,A,0.929824561,FALSE
526,A,0.929824561,FALSE
527,A,0.985552116,FALSE
528,G,0.985552116,FALSE
529,A,0.985294118,FALSE
530,T,0.985294118,FALSE
531,T,0.987616099,FALSE
532,C,0.985552116,FALSE
533,T,0.985552116,FALSE
534,G,0.985552116,FALSE
535,G,0.975438596,FALSE
536,T,0.975438596,FALSE
537,G,0.973168215,FALSE
538,C,0.977192982,FALSE
539,T,0.980701754,FALSE
540,G,0.978947368,FALSE
541,T,0.978947368,FALSE
542,T,0.978947368,FALSE
543,G,0.978947368,FALSE
544,C,0.978947368,FALSE
545,T,0.978947368,FALSE
546,G,0.978947368,FALSE
547,A,0.981818182,FALSE
548,G,0.983458647,FALSE
549,C,0.983458647,FALSE
550,A,0.980701754,FALSE
551,T,0.980701754,FALSE
552,G,0.981424149,FALSE
553,A,0.981424149,FALSE
554,C,0.98245614,FALSE
555,T,0.987616099,FALSE
556,T,0.984210526,FALSE
557,C,0.984210526,FALSE
558,T,0.984210526,FALSE
559,T,0.984210526,FALSE
560,C,0.984210526,FALSE
561,A,0.984210526,FALSE
562,C,0.984210526,FALSE
563,A,0.984210526,FALSE
564,T,0.984210526,FALSE
565,A,0.986466165,FALSE
566,T,0.986466165,FALSE
567,A,0.987719298,FALSE
568,A,0.987719298,FALSE
569,A,0.986466165,FALSE
570,G,0.986466165,FALSE
571,A,0.986466165,FALSE
572,G,0.985964912,FALSE
573,G,0.983488132,FALSE
574,G,0.983488132,FALSE
575,T,0.983488132,FALSE
576,A,0.985552116,FALSE
577,G,0.989680083,FALSE
578,A,0.99122807,FALSE
579,T,0.99122807,FALSE
580,G,0.991744066,FALSE
581,T,0.992982456,FALSE
582,G,0.992982456,FALSE
583,A,0.991744066,FALSE
584,G,0.995872033,FALSE
585,T,0.995872033,FALSE
586,T,0.995098039,FALSE
587,C,0.989680083,FALSE
588,G,0.987745098,FALSE
589,G,0.987745098,FALSE
590,T,0.980392157,FALSE
591,A,0.977941176,FALSE
592,A,0.977941176,FALSE
593,T,0.979360165,FALSE
594,G,0.979360165,FALSE
595,T,0.979360165,FALSE
596,T,0.979360165,FALSE
597,G,0.971929825,FALSE
598,C,0.965413534,FALSE
599,A,0.966917293,FALSE
600,C,0.967532468,FALSE
601,G,0.971428571,FALSE
602,T,0.971767363,FALSE
603,A,0.971767363,FALSE
604,G,0.971767363,FALSE
605,G,0.964426877,FALSE
606,A,0.959345003,FALSE
607,A,0.959345003,FALSE
608,T,0.959345003,FALSE
609,C,0.956521739,FALSE
610,T,0.950310559,FALSE
611,T,0.918972332,FALSE
612,A,0.918972332,FALSE
613,C,0.918972332,FALSE
614,A,0.924336533,FALSE
615,A,0.935064935,FALSE
616,A,0.935064935,FALSE
617,G,0.935064935,FALSE
618,T,0.935629588,FALSE
619,A,0.933794466,FALSE
620,C,0.933794466,FALSE
621,A,0.923913043,FALSE
622,C,0.919819311,FALSE
623,A,0.920948617,FALSE
624,A,0.920948617,FALSE
625,T,0.919960474,FALSE
626,G,0.92687747,FALSE
627,A,0.92687747,FALSE
628,T,0.917391304,FALSE
629,G,0.906086957,FALSE
630,G,0.895652174,TRUE
631,A,0.895652174,TRUE
632,T,0.881422925,TRUE
633,C,0.881422925,TRUE
634,T,0.881422925,TRUE
635,T,0.878035008,TRUE
636,T,0.859966121,TRUE
637,G,0.85974026,TRUE
638,T,0.860150376,TRUE
639,T,0.866165414,TRUE
640,A,0.866233766,TRUE
641,C,0.87012987,TRUE
642,G,0.859966121,TRUE
643,C,0.842857143,TRUE
644,T,0.835064935,TRUE
645,A,0.848051948,TRUE
646,T,0.855844156,TRUE
647,C,0.858646617,TRUE
648,A,0.858646617,TRUE
649,G,0.858646617,TRUE
650,A,0.857894737,TRUE
651,A,0.872180451,TRUE
652,A,0.877922078,TRUE
653,T,0.877922078,TRUE
654,T,0.90075188,FALSE
655,T,0.90075188,FALSE
656,T,0.918796992,FALSE
657,G,0.918796992,FALSE
658,A,0.92987013,FALSE
659,T,0.926595144,FALSE
660,G,0.90513834,FALSE
661,A,0.868695652,TRUE
662,A,0.868695652,TRUE
663,A,0.873913043,TRUE
664,A,0.875652174,TRUE
665,G,0.867692308,TRUE
666,A,0.865217391,TRUE
667,A,0.838461538,TRUE
668,C,0.824615385,TRUE
669,T,0.824615385,TRUE
670,G,0.844615385,TRUE
671,T,0.851304348,TRUE
672,G,0.851304348,TRUE
673,A,0.840909091,TRUE
674,A,0.834980237,TRUE
675,G,0.830039526,TRUE
676,T,0.835652174,TRUE
677,T,0.835652174,TRUE
678,C,0.835652174,TRUE
679,T,0.845384615,TRUE
680,C,0.845384615,TRUE
681,A,0.836521739,TRUE
682,A,0.836521739,TRUE
683,A,0.836521739,TRUE
684,G,0.833913043,TRUE
685,A,0.818181818,TRUE
686,A,0.800112931,TRUE
687,A,0.784415584,TRUE
688,T,0.812535291,TRUE
689,A,0.827216262,TRUE
690,C,0.818181818,TRUE
691,T,0.796103896,TRUE
692,C,0.796103896,TRUE
693,G,0.806888763,TRUE
694,T,0.821146245,TRUE
695,G,0.821146245,TRUE
696,A,0.811264822,TRUE
697,C,0.804347826,TRUE
698,A,0.804347826,TRUE
699,G,0.804347826,TRUE
700,T,0.824347826,TRUE
701,A,0.800395257,TRUE
702,G,0.800395257,TRUE
703,G,0.801242236,TRUE
704,T,0.814285714,TRUE
705,G,0.871428571,TRUE
706,C,0.88961039,TRUE
707,T,0.893845285,TRUE
708,T,0.890457369,TRUE
709,G,0.883116883,TRUE
710,C,0.850649351,TRUE
711,A,0.824957651,TRUE
712,C,0.828345567,TRUE
713,T,0.835064935,TRUE
714,G,0.837380011,TRUE
715,A,0.814285714,TRUE
716,A,0.814285714,TRUE
717,G,0.814285714,TRUE
718,A,0.814285714,TRUE
719,A,0.790977444,TRUE
720,T,0.784210526,TRUE
721,T,0.746130031,TRUE
722,C,0.746130031,TRUE
723,T,0.784210526,TRUE
724,T,0.766769866,TRUE
725,T,0.801754386,TRUE
726,G,0.830075188,TRUE
727,A,0.842857143,TRUE
728,A,0.842857143,TRUE
729,A,0.827067669,TRUE
730,A,0.827067669,TRUE
731,T,0.827067669,TRUE
732,A,0.850649351,TRUE
733,A,0.848051948,TRUE
734,A,0.811688312,TRUE
735,G,0.811688312,TRUE
736,A,0.811688312,TRUE
737,T,0.811688312,TRUE
738,T,0.767532468,TRUE
739,G,0.75974026,TRUE
740,G,0.75974026,TRUE
741,T,0.8,TRUE
742,T,0.815584416,TRUE
743,T,0.821569735,TRUE
744,G,0.821569735,TRUE
745,A,0.821569735,TRUE
746,T,0.835968379,TRUE
747,C,0.831304348,TRUE
748,C,0.831304348,TRUE
749,A,0.831304348,TRUE
750,G,0.846086957,TRUE
751,T,0.844347826,TRUE
752,T,0.835968379,TRUE
753,G,0.820440429,TRUE
754,A,0.820440429,TRUE
755,A,0.815584416,TRUE
756,A,0.815584416,TRUE
757,A,0.818045113,TRUE
758,T,0.818045113,TRUE
759,G,0.828571429,TRUE
760,A,0.838961039,TRUE
761,A,0.841897233,TRUE
762,G,0.849802372,TRUE
763,C,0.805217391,TRUE
764,C,0.784615385,TRUE
765,A,0.784615385,TRUE
766,T,0.784615385,TRUE
767,A,0.784615385,TRUE
768,C,0.805217391,TRUE
769,A,0.827692308,TRUE
770,T,0.824615385,TRUE
771,G,0.824615385,TRUE
772,A,0.85,TRUE
773,A,0.852991453,TRUE
774,G,0.852991453,TRUE
775,T,0.852991453,TRUE
776,T,0.852991453,TRUE
777,T,0.859230769,TRUE
778,A,0.895384615,TRUE
779,T,0.891304348,TRUE
780,G,0.910434783,FALSE
781,C,0.917692308,FALSE
782,A,0.922735043,FALSE
783,A,0.932307692,FALSE
784,A,0.924615385,FALSE
785,A,0.924615385,FALSE
786,C,0.925384615,FALSE
787,T,0.946086957,FALSE
788,T,0.954782609,FALSE
789,G,0.954782609,FALSE
790,G,0.949604743,FALSE
791,A,0.949604743,FALSE
792,C,0.942405421,FALSE
793,C,0.942405421,FALSE
794,C,0.936758893,FALSE
795,A,0.949604743,FALSE
796,T,0.961462451,FALSE
797,T,0.961462451,FALSE
798,G,0.961462451,FALSE
799,T,0.961462451,FALSE
800,A,0.961462451,FALSE
801,G,0.957086392,FALSE
802,C,0.957086392,FALSE
803,C,0.957086392,FALSE
804,A,0.948051948,FALSE
805,A,0.94025974,FALSE
806,T,0.938345865,FALSE
807,G,0.936842105,FALSE
808,C,0.942208462,FALSE
809,T,0.950980392,FALSE
810,A,0.950980392,FALSE
811,T,0.95872033,FALSE
812,G,0.95872033,FALSE
813,C,0.959649123,FALSE
814,T,0.95872033,FALSE
815,T,0.960784314,FALSE
816,A,0.975490196,FALSE
817,A,0.982352941,FALSE
818,A,0.991176471,FALSE
819,T,0.991176471,FALSE
820,G,0.990196078,FALSE
821,T,0.990196078,FALSE
822,G,0.990196078,FALSE
823,T,0.988235294,FALSE
824,T,0.988235294,FALSE
825,G,0.996428571,FALSE
826,C,0.995604396,FALSE
827,T,0.994505495,FALSE
828,T,0.993006993,FALSE
829,T,0.993006993,FALSE
830,T,0.993006993,FALSE
831,T,0.990909091,FALSE
832,G,0.993006993,FALSE
833,C,0.990909091,FALSE
834,G,0.986013986,FALSE
835,A,0.986013986,FALSE
836,T,0.986013986,FALSE
837,G,0.986013986,FALSE
838,C,0.989010989,FALSE
839,G,0.993006993,FALSE
840,A,0.990909091,FALSE
841,T,0.987878788,FALSE
842,A,0.987878788,FALSE
843,G,0.987878788,FALSE
844,T,0.987878788,FALSE
845,G,0.990909091,FALSE
846,G,0.990909091,FALSE
847,A,0.993006993,FALSE
848,A,0.983516484,FALSE
849,A,0.983516484,FALSE
850,A,0.973626374,FALSE
851,A,0.975,FALSE
852,G,0.975,FALSE
853,G,0.975,FALSE
854,C,0.975,FALSE
855,T,0.979411765,FALSE
856,A,0.985294118,FALSE
857,T,0.980392157,FALSE
858,A,0.977941176,FALSE
859,T,0.975232198,FALSE
860,A,0.968421053,FALSE
861,G,0.963157895,FALSE
862,G,0.968421053,FALSE
863,T,0.963157895,FALSE
864,G,0.962406015,FALSE
865,T,0.956140351,FALSE
866,T,0.962406015,FALSE
867,A,0.962406015,FALSE
868,T,0.962406015,FALSE
869,A,0.967532468,FALSE
870,A,0.971767363,FALSE
871,C,0.971767363,FALSE
872,A,0.971767363,FALSE
873,C,0.971767363,FALSE
874,T,0.972332016,FALSE
875,T,0.974782609,FALSE
876,G,0.977692308,FALSE
877,A,0.977391304,FALSE
878,C,0.977391304,FALSE
879,A,0.97826087,FALSE
880,A,0.976521739,FALSE
881,C,0.973320158,FALSE
882,C,0.974782609,FALSE
883,A,0.970434783,FALSE
884,A,0.970434783,FALSE
885,G,0.97,FALSE
886,A,0.97,FALSE
887,T,0.97,FALSE
888,C,0.97,FALSE
889,T,0.973333333,FALSE
890,T,0.97,FALSE
891,A,0.97,FALSE
892,A,0.973846154,FALSE
893,T,0.970434783,FALSE
894,G,0.977391304,FALSE
895,G,0.97826087,FALSE
896,C,0.981931112,FALSE
897,A,0.981931112,FALSE
898,A,0.983201581,FALSE
899,T,0.983201581,FALSE
900,T,0.980801807,FALSE
901,T,0.979220779,FALSE
902,C,0.984415584,FALSE
903,T,0.98961039,FALSE
904,A,0.990977444,FALSE
905,C,0.990977444,FALSE
906,G,0.992481203,FALSE
907,A,0.99122807,FALSE
908,T,0.99122807,FALSE
909,T,0.99122807,FALSE
910,T,0.99122807,FALSE
911,C,0.992982456,FALSE
912,G,0.993984962,FALSE
913,G,0.993984962,FALSE
914,C,0.992982456,FALSE
915,G,0.991744066,FALSE
916,A,0.991744066,FALSE
917,T,0.991744066,FALSE
918,T,0.991744066,FALSE
919,T,0.990196078,FALSE
920,C,0.997058824,FALSE
921,G,1,FALSE
922,T,1,FALSE
923,G,1,FALSE
924,A,1,FALSE
925,A,1,FALSE
926,G,1,FALSE
927,A,1,FALSE
928,C,1,FALSE
929,T,1,FALSE
930,G,1,FALSE
931,C,1,FALSE
932,T,1,FALSE
933,C,1,FALSE
934,C,1,FALSE
935,G,1,FALSE
936,G,0.995604396,FALSE
937,G,0.991208791,FALSE
938,T,0.991208791,FALSE
939,T,0.995604396,FALSE
940,T,0.989285714,FALSE
941,T,0.989285714,FALSE
942,G,0.979411765,FALSE
943,G,0.975,FALSE
944,T,0.975,FALSE
945,T,0.979411765,FALSE
946,G,0.979411765,FALSE
947,C,0.975,FALSE
948,G,0.975,FALSE
949,C,0.975,FALSE
950,T,0.969230769,FALSE
951,T,0.947252747,FALSE
952,G,0.947252747,FALSE
953,T,0.932142857,FALSE
954,G,0.916483516,FALSE
955,T,0.916483516,FALSE
956,T,0.912087912,FALSE
957,A,0.89010989,TRUE
958,C,0.89010989,TRUE
959,A,0.824175824,TRUE
960,T,0.857142857,TRUE
961,C,0.857142857,TRUE
962,A,0.857142857,TRUE
963,T,0.857142857,TRUE
964,A,0.879411765,TRUE
965,T,0.899509804,TRUE
966,T,0.899509804,TRUE
967,A,0.899509804,TRUE
968,T,0.899509804,TRUE
969,T,0.899509804,TRUE
970,C,0.879411765,TRUE
971,T,0.899509804,TRUE
972,T,0.938235294,FALSE
973,A,0.938235294,FALSE
974,T,0.948529412,FALSE
975,A,0.936016512,FALSE
976,T,0.936016512,FALSE
977,G,0.936016512,FALSE
978,A,0.935087719,FALSE
979,T,0.941353383,FALSE
980,G,0.931578947,FALSE
981,C,0.921568627,FALSE
982,C,0.940144479,FALSE
983,T,0.940144479,FALSE
984,T,0.928921569,FALSE
985,T,0.946078431,FALSE
986,A,0.946078431,FALSE
987,A,0.955882353,FALSE
988,T,0.955882353,FALSE
989,G,0.955882353,FALSE
990,G,0.958333333,FALSE
991,G,0.958333333,FALSE
992,G,0.958333333,FALSE
993,A,0.960784314,FALSE
994,T,0.966976264,FALSE
995,G,0.971929825,FALSE
996,A,0.977192982,FALSE
997,C,0.980451128,FALSE
998,T,0.984210526,FALSE
999,T,0.984210526,FALSE
1000,C,0.984210526,FALSE
1001,A,0.981424149,FALSE
1002,T,0.981424149,FALSE
1003,G,0.981424149,FALSE
1004,C,0.981424149,FALSE
1005,T,0.981424149,FALSE
1006,T,0.977192982,FALSE
1007,A,0.971428571,FALSE
1008,G,0.971428571,FALSE
1009,A,0.968421053,FALSE
1010,G,0.962848297,FALSE
1011,T,0.947368421,FALSE
1012,C,0.939849624,FALSE
1013,T,0.948051948,FALSE
1014,G,0.948051948,FALSE
1015,A,0.95256917,FALSE
1016,A,0.945454545,FALSE
1017,A,0.95256917,FALSE
1018,A,0.95256917,FALSE
1019,C,0.961038961,FALSE
1020,T,0.957894737,FALSE
1021,T,0.957894737,FALSE
1022,T,0.957894737,FALSE
1023,G,0.957894737,FALSE
1024,T,0.950877193,FALSE
1025,G,0.950877193,FALSE
1026,A,0.957894737,FALSE
1027,A,0.987719298,FALSE
1028,A,0.987719298,FALSE
1029,A,0.989473684,FALSE
1030,G,0.994736842,FALSE
1031,T,0.995488722,FALSE
1032,G,0.993984962,FALSE
1033,A,0.993984962,FALSE
1034,C,0.993506494,FALSE
1035,A,0.992207792,FALSE
1036,T,0.992207792,FALSE
1037,C,0.992207792,FALSE
1038,T,0.98961039,FALSE
1039,A,0.987969925,FALSE
1040,T,0.985964912,FALSE
1041,G,0.984210526,FALSE
1042,G,0.983488132,FALSE
1043,T,0.983488132,FALSE
1044,T,0.983488132,FALSE
1045,C,0.975438596,FALSE
1046,T,0.978947368,FALSE
1047,G,0.978947368,FALSE
1048,A,0.981818182,FALSE
1049,T,0.983458647,FALSE
1050,T,0.983458647,FALSE
1051,A,0.98245614,FALSE
1052,T,0.979360165,FALSE
1053,A,0.977192982,FALSE
1054,A,0.977192982,FALSE
1055,G,0.977192982,FALSE
1056,C,0.98245614,FALSE
1057,A,0.979360165,FALSE
1058,G,0.975490196,FALSE
1059,T,0.975490196,FALSE
1060,A,0.970588235,FALSE
1061,T,0.975490196,FALSE
1062,G,0.973039216,FALSE
1063,A,0.977296182,FALSE
1064,T,0.977296182,FALSE
1065,T,0.980701754,FALSE
1066,T,0.981954887,FALSE
1067,A,0.983116883,FALSE
1068,C,0.988311688,FALSE
1069,T,0.988311688,FALSE
1070,A,0.989836251,FALSE
1071,G,0.989836251,FALSE
1072,C,0.989836251,FALSE
1073,T,0.989836251,FALSE
1074,T,0.989836251,FALSE
1075,A,0.989836251,FALSE
1076,T,0.990909091,FALSE
1077,G,0.990909091,FALSE
1078,A,0.990965556,FALSE
1079,T,0.992094862,FALSE
1080,T,0.990909091,FALSE
1081,T,0.990909091,FALSE
1082,T,0.990909091,FALSE
1083,A,0.990977444,FALSE
1084,C,0.992207792,FALSE
1085,C,0.989836251,FALSE
1086,G,0.98961039,FALSE
1087,A,0.98961039,FALSE
1088,A,0.98961039,FALSE
1089,C,0.98961039,FALSE
1090,A,0.987969925,FALSE
1091,T,0.99122807,FALSE
1092,A,0.990977444,FALSE
1093,A,0.987969925,FALSE
1094,G,0.987969925,FALSE
1095,G,0.989473684,FALSE
1096,A,0.989473684,FALSE
1097,G,0.987969925,FALSE
1098,T,0.980451128,FALSE
1099,A,0.980451128,FALSE
1100,C,0.980451128,FALSE
1101,C,0.977443609,FALSE
1102,T,0.975324675,FALSE
1103,T,0.975324675,FALSE
1104,T,0.975324675,FALSE
1105,T,0.975324675,FALSE
1106,C,0.971428571,FALSE
1107,C,0.969924812,FALSE
1108,A,0.964912281,FALSE
1109,A,0.966917293,FALSE
1110,A,0.966666667,FALSE
1111,A,0.952631579,FALSE
1112,A,0.933333333,FALSE
1113,T,0.90877193,FALSE
1114,A,0.90075188,FALSE
1115,C,0.884210526,TRUE
1116,T,0.884210526,TRUE
1117,T,0.884210526,TRUE
1118,T,0.82406015,TRUE
1119,A,0.809022556,TRUE
1120,A,0.803896104,TRUE
1121,G,0.774138905,TRUE
1122,T,0.798983625,TRUE
1123,A,0.815923207,TRUE
1124,C,0.744776962,TRUE
1125,T,0.697628458,TRUE
1126,G,0.697628458,TRUE
1127,G,0.697628458,TRUE
1128,G,0.697628458,TRUE
1129,A,0.654432524,TRUE
1130,T,0.602597403,TRUE
1131,C,0.583286279,TRUE
1132,G,0.583286279,TRUE
1133,C,0.583286279,TRUE
1134,A,0.626482213,TRUE
1135,C,0.626482213,TRUE
1136,A,0.626482213,TRUE
1137,T,0.635234331,TRUE
1138,A,0.601298701,TRUE
1139,T,0.590062112,TRUE
1140,C,0.590909091,TRUE
1141,A,0.590909091,TRUE
1142,C,0.589920949,TRUE
1143,C,0.531338227,TRUE
1144,C,0.531338227,TRUE
1145,A,0.531338227,TRUE
1146,A,0.534726143,TRUE
1147,A,0.512140034,TRUE
1148,T,0.512140034,TRUE
1149,T,0.528656126,TRUE
1150,G,0.528656126,TRUE
1151,T,0.528656126,TRUE
1152,T,0.486166008,TRUE
1153,C,0.486166008,TRUE
1154,T,0.464709204,TRUE
1155,G,0.464709204,TRUE
1156,A,0.511688312,TRUE
1157,T,0.564935065,TRUE
1158,T,0.578947368,TRUE
1159,G,0.615789474,TRUE
1160,T,0.670676692,TRUE
1161,A,0.682706767,TRUE
1162,C,0.682706767,TRUE
1163,T,0.721052632,TRUE
1164,A,0.750257998,TRUE
1165,G,0.794117647,TRUE
1166,T,0.888235294,TRUE
1167,G,0.894117647,TRUE
1168,A,0.882142857,TRUE
1169,C,0.885714286,TRUE
1170,G,0.910714286,FALSE
1171,A,0.910714286,FALSE
1172,G,0.910714286,FALSE
1173,T,0.910714286,FALSE
1174,G,0.910714286,FALSE
1175,T,0.911764706,FALSE
1176,A,0.929411765,FALSE
1177,T,0.941176471,FALSE
1178,T,0.948400413,FALSE
1179,A,0.948400413,FALSE
1180,T,0.950877193,FALSE
1181,T,0.950877193,FALSE
1182,C,0.950877193,FALSE
1183,A,0.950877193,FALSE
1184,T,0.960784314,FALSE
1185,T,0.968137255,FALSE
1186,G,0.968137255,FALSE
1187,T,0.961764706,FALSE
1188,G,0.968137255,FALSE
1189,C,0.968137255,FALSE
1190,T,0.971104231,FALSE
1191,A,0.975490196,FALSE
1192,A,0.979411765,FALSE
1193,T,0.968137255,FALSE
1194,T,0.958333333,FALSE
1195,T,0.964912281,FALSE
1196,T,0.964912281,FALSE
1197,A,0.964912281,FALSE
1198,A,0.965413534,FALSE
1199,C,0.954887218,FALSE
1200,A,0.942857143,FALSE
1201,C,0.945793337,FALSE
1202,A,0.936758893,FALSE
1203,T,0.936758893,FALSE
1204,T,0.936758893,FALSE
1205,G,0.941276115,FALSE
1206,T,0.945793337,FALSE
1207,T,0.95256917,FALSE
1208,T,0.95256917,FALSE
1209,T,0.950434783,FALSE
1210,C,0.950434783,FALSE
1211,T,0.950434783,FALSE
1212,A,0.95256917,FALSE
1213,T,0.95256917,FALSE
1214,G,0.957086392,FALSE
1215,A,0.95974026,FALSE
1216,C,0.957086392,FALSE
1217,A,0.962450593,FALSE
1218,A,0.966956522,FALSE
1219,T,0.970769231,FALSE
1220,A,0.970769231,FALSE
1221,C,0.966956522,FALSE
1222,C,0.968379447,FALSE
1223,A,0.963862225,FALSE
1224,A,0.972727273,FALSE
1225,T,0.972727273,FALSE
1226,G,0.976284585,FALSE
1227,A,0.976284585,FALSE
1228,C,0.976284585,FALSE
1229,A,0.975296443,FALSE
1230,G,0.963478261,FALSE
1231,C,0.956923077,FALSE
1232,T,0.956923077,FALSE
1233,T,0.966086957,FALSE
1234,T,0.966086957,FALSE
1235,T,0.967826087,FALSE
1236,G,0.970769231,FALSE
1237,G,0.970769231,FALSE
1238,A,0.973076923,FALSE
1239,C,0.969565217,FALSE
1240,C,0.96541502,FALSE
1241,A,0.960474308,FALSE
1242,C,0.964426877,FALSE
1243,T,0.959345003,FALSE
1244,T,0.972727273,FALSE
1245,G,0.990977444,FALSE
1246,T,0.989473684,FALSE
1247,C,0.989680083,FALSE
1248,C,0.989680083,FALSE
1249,G,0.985964912,FALSE
1250,T,0.987719298,FALSE
1251,A,0.987719298,FALSE
1252,A,0.987719298,FALSE
1253,A,0.987719298,FALSE
1254,G,0.989680083,FALSE
1255,T,0.987719298,FALSE
1256,T,0.987719298,FALSE
1257,C,0.987719298,FALSE
1258,A,0.987719298,FALSE
1259,T,0.987719298,FALSE
1260,A,0.987719298,FALSE
1261,T,0.989680083,FALSE
1262,T,0.987616099,FALSE
1263,G,0.987616099,FALSE
1264,A,0.987745098,FALSE
1265,T,0.985294118,FALSE
1266,G,0.980392157,FALSE
1267,G,0.983488132,FALSE
1268,T,0.983488132,FALSE
1269,G,0.983488132,FALSE
1270,T,0.980392157,FALSE
1271,A,0.976470588,FALSE
1272,C,0.980392157,FALSE
1273,C,0.983488132,FALSE
1274,A,0.983488132,FALSE
1275,G,0.983488132,FALSE
1276,T,0.995098039,FALSE
1277,A,0.995098039,FALSE
1278,G,0.995098039,FALSE
1279,T,0.995872033,FALSE
1280,T,0.995872033,FALSE
1281,G,0.995872033,FALSE
1282,T,0.996491228,FALSE
1283,T,0.996491228,FALSE
1284,A,0.996992481,FALSE
1285,C,0.997402597,FALSE
1286,T,0.997741389,FALSE
1287,G,0.998701299,FALSE
1288,C,0.998701299,FALSE
1289,A,0.998701299,FALSE
1290,G,0.998701299,FALSE
1291,G,0.998701299,FALSE
1292,T,0.997741389,FALSE
1293,T,0.997741389,FALSE
1294,A,0.997741389,FALSE
1295,C,0.997402597,FALSE
1296,C,0.996992481,FALSE
1297,A,0.996992481,FALSE
1298,T,0.996992481,FALSE
1299,T,0.996992481,FALSE
1300,T,0.996491228,FALSE
1301,C,0.996992481,FALSE
1302,A,0.997402597,FALSE
1303,A,0.997402597,FALSE
1304,A,0.997741389,FALSE
1305,C,0.997741389,FALSE
1306,A,0.997741389,FALSE
1307,A,0.997402597,FALSE
1308,C,0.998701299,FALSE
1309,T,0.998701299,FALSE
1310,T,0.998701299,FALSE
1311,G,0.998496241,FALSE
1312,G,0.998496241,FALSE
1313,T,0.998701299,FALSE
1314,A,0.997741389,FALSE
1315,T,0.996047431,FALSE
1316,A,0.996047431,FALSE
1317,G,0.995482778,FALSE
1318,T,0.988706945,FALSE
1319,A,0.987012987,FALSE
1320,T,0.98961039,FALSE
1321,G,0.983060418,FALSE
1322,G,0.979249012,FALSE
1323,A,0.97826087,FALSE
1324,A,0.966956522,FALSE
1325,T,0.964347826,FALSE
1326,C,0.959486166,FALSE
1327,T,0.953698475,FALSE
1328,T,0.949181254,FALSE
1329,G,0.949181254,FALSE
1330,A,0.941558442,FALSE
1331,T,0.932330827,FALSE
1332,G,0.932330827,FALSE
1333,T,0.932330827,FALSE
1334,A,0.94025974,FALSE
1335,A,0.94025974,FALSE
1336,A,0.948051948,FALSE
1337,A,0.946922643,FALSE
1338,T,0.946922643,FALSE
1339,T,0.94025974,FALSE
1340,A,0.948051948,FALSE
1341,G,0.954545455,FALSE
1342,A,0.948051948,FALSE
1343,C,0.948051948,FALSE
1344,A,0.951581028,FALSE
1345,C,0.951581028,FALSE
1346,A,0.953557312,FALSE
1347,A,0.960474308,FALSE
1348,T,0.960474308,FALSE
1349,G,0.960474308,FALSE
1350,A,0.960474308,FALSE
1351,A,0.960474308,FALSE
1352,G,0.963438735,FALSE
1353,T,0.958215697,FALSE
1354,T,0.959486166,FALSE
1355,G,0.959486166,FALSE
1356,A,0.959486166,FALSE
1357,G,0.959345003,FALSE
1358,C,0.95974026,FALSE
1359,A,0.962406015,FALSE
1360,T,0.966917293,FALSE
1361,G,0.97012987,FALSE
1362,A,0.974025974,FALSE
1363,C,0.981931112,FALSE
1364,T,0.981931112,FALSE
1365,G,0.979672501,FALSE
1366,A,0.977922078,FALSE
1367,T,0.981818182,FALSE
1368,C,0.977922078,FALSE
1369,T,0.971428571,FALSE
1370,T,0.971428571,FALSE
1371,C,0.97515528,FALSE
1372,T,0.971343874,FALSE
1373,T,0.966403162,FALSE
1374,A,0.961603614,FALSE
1375,G,0.961603614,FALSE
1376,A,0.96541502,FALSE
1377,T,0.96541502,FALSE
1378,T,0.96541502,FALSE
1379,T,0.960474308,FALSE
1380,G,0.960474308,FALSE
1381,T,0.958215697,FALSE
1382,C,0.953246753,FALSE
1383,A,0.954827781,FALSE
1384,C,0.956521739,FALSE
1385,A,0.958215697,FALSE
1386,G,0.980801807,FALSE
1387,A,0.97826087,FALSE
1388,T,0.974782609,FALSE
1389,C,0.971343874,FALSE
1390,C,0.966086957,FALSE
1391,A,0.957391304,FALSE
1392,A,0.950769231,FALSE
1393,C,0.950769231,FALSE
1394,A,0.944347826,FALSE
1395,C,0.935384615,FALSE
1396,T,0.93982906,FALSE
1397,T,0.938461538,FALSE
1398,C,0.938461538,FALSE
1399,T,0.931538462,FALSE
1400,T,0.931538462,FALSE
1401,G,0.931538462,FALSE
1402,T,0.936410256,FALSE
1403,A,0.936410256,FALSE
1404,G,0.936507937,FALSE
1405,C,0.936507937,FALSE
1406,A,0.952991453,FALSE
1407,T,0.945665446,FALSE
1408,C,0.943931624,FALSE
1409,A,0.947496947,FALSE
1410,A,0.944615385,FALSE
1411,G,0.944615385,FALSE
1412,C,0.93025641,FALSE
1413,C,0.93982906,FALSE
1414,C,0.947692308,FALSE
1415,T,0.94173913,FALSE
1416,G,0.935770751,FALSE
1417,C,0.932806324,FALSE
1418,A,0.926595144,FALSE
1419,C,0.926595144,FALSE
1420,T,0.926595144,FALSE
1421,T,0.915584416,FALSE
1422,T,0.915584416,FALSE
1423,T,0.898362507,TRUE
1424,A,0.898362507,TRUE
1425,G,0.874505929,TRUE
1426,A,0.874505929,TRUE
1427,C,0.889565217,TRUE
1428,C,0.875494071,TRUE
1429,A,0.889328063,TRUE
1430,G,0.889328063,TRUE
1431,C,0.890457369,TRUE
1432,G,0.875776398,TRUE
1433,T,0.857142857,TRUE
1434,A,0.875776398,TRUE
1435,C,0.896103896,TRUE
1436,T,0.912781955,FALSE
1437,G,0.931578947,FALSE
1438,T,0.931578947,FALSE
1439,C,0.941353383,FALSE
1440,T,0.956140351,FALSE
1441,G,0.956656347,FALSE
1442,T,0.966976264,FALSE
1443,T,0.971929825,FALSE
1444,T,0.971929825,FALSE
1445,C,0.971929825,FALSE
1446,T,0.971929825,FALSE
1447,C,0.969040248,FALSE
1448,C,0.973684211,FALSE
1449,A,0.969040248,FALSE
1450,T,0.963235294,FALSE
1451,T,0.943627451,FALSE
1452,G,0.982843137,FALSE
1453,C,0.985552116,FALSE
1454,A,0.982843137,FALSE
1455,G,0.985552116,FALSE
1456,C,0.985552116,FALSE
1457,T,0.989680083,FALSE
1458,T,0.991744066,FALSE
1459,T,0.991744066,FALSE
1460,G,0.984210526,FALSE
1461,A,0.97593985,FALSE
1462,G,0.972932331,FALSE
1463,T,0.972932331,FALSE
1464,A,0.972932331,FALSE
1465,C,0.967532468,FALSE
1466,T,0.96499153,FALSE
1467,G,0.963438735,FALSE
1468,G,0.982213439,FALSE
1469,T,0.983478261,FALSE
1470,A,0.983478261,FALSE
1471,T,0.984347826,FALSE
1472,T,0.984189723,FALSE
1473,A,0.984189723,FALSE
1474,C,0.984189723,FALSE
1475,A,0.986086957,FALSE
1476,T,0.984347826,FALSE
1477,A,0.986956522,FALSE
1478,T,0.986956522,FALSE
1479,C,0.989130435,FALSE
1480,A,0.989130435,FALSE
1481,G,0.989565217,FALSE
1482,A,0.990769231,FALSE
1483,C,0.99042735,FALSE
1484,A,0.99042735,FALSE
1485,G,0.991452991,FALSE
1486,T,0.991452991,FALSE
1487,A,0.99042735,FALSE
1488,A,0.989059829,FALSE
1489,A,0.989059829,FALSE
1490,A,0.989059829,FALSE
1491,C,0.989059829,FALSE
1492,C,0.99023199,FALSE
1493,A,0.991794872,FALSE
1494,G,0.990842491,FALSE
1495,G,0.991242474,FALSE
1496,T,0.990842491,FALSE
1497,C,0.99023199,FALSE
1498,A,0.989059829,FALSE
1499,C,0.989059829,FALSE
1500,T,0.988461538,FALSE
1501,T,0.986324786,FALSE
1502,T,0.987008547,FALSE
1503,A,0.985384615,FALSE
1504,A,0.987008547,FALSE
1505,C,0.98974359,FALSE
1506,A,0.98974359,FALSE
1507,A,0.992478632,FALSE
1508,G,0.992478632,FALSE
1509,G,0.992673993,FALSE
1510,A,0.992478632,FALSE
1511,T,0.992478632,FALSE
1512,T,0.992307692,FALSE
1513,T,0.991304348,FALSE
1514,C,0.995059289,FALSE
1515,T,0.995482778,FALSE
1516,A,0.996612084,FALSE
1517,C,0.996612084,FALSE
1518,G,0.996612084,FALSE
1519,A,0.997035573,FALSE
1520,T,0.996612084,FALSE
1521,T,0.996103896,FALSE
1522,T,0.995488722,FALSE
1523,C,0.995488722,FALSE
1524,A,0.996103896,FALSE
1525,T,0.996612084,FALSE
1526,A,0.996103896,FALSE
1527,A,0.987012987,FALSE
1528,C,0.989473684,FALSE
1529,A,0.987719298,FALSE
1530,G,0.987616099,FALSE
1531,A,0.987719298,FALSE
1532,G,0.987719298,FALSE
1533,C,0.987719298,FALSE
1534,G,0.987719298,FALSE
1535,T,0.987719298,FALSE
1536,G,0.989473684,FALSE
1537,G,0.987719298,FALSE
1538,A,0.987719298,FALSE
1539,T,0.989680083,FALSE
1540,T,0.99380805,FALSE
1541,C,0.992982456,FALSE
1542,T,0.992982456,FALSE
1543,T,0.990977444,FALSE
1544,T,0.990977444,FALSE
1545,G,0.990977444,FALSE
1546,A,0.992481203,FALSE
1547,A,0.996992481,FALSE
1548,G,0.996103896,FALSE
1549,A,0.990909091,FALSE
1550,G,0.98961039,FALSE
1551,G,0.988311688,FALSE
1552,G,0.986466165,FALSE
1553,A,0.986466165,FALSE
1554,T,0.984210526,FALSE
1555,C,0.984210526,FALSE
1556,T,0.983488132,FALSE
1557,G,0.983488132,FALSE
1558,A,0.985964912,FALSE
1559,G,0.985964912,FALSE
1560,T,0.985964912,FALSE
1561,T,0.985552116,FALSE
1562,A,0.985552116,FALSE
1563,A,0.985964912,FALSE
1564,C,0.984210526,FALSE
1565,A,0.986466165,FALSE
1566,T,0.980519481,FALSE
1567,T,0.980519481,FALSE
1568,A,0.980519481,FALSE
1569,A,0.977443609,FALSE
1570,A,0.975438596,FALSE
1571,A,0.975438596,FALSE
1572,C,0.973168215,FALSE
1573,A,0.973168215,FALSE
1574,T,0.973168215,FALSE
1575,T,0.975438596,FALSE
1576,T,0.975438596,FALSE
1577,T,0.975438596,FALSE
1578,T,0.973684211,FALSE
1579,T,0.973684211,FALSE
1580,C,0.973684211,FALSE
1581,T,0.975438596,FALSE
1582,T,0.975438596,FALSE
1583,T,0.978947368,FALSE
1584,G,0.978947368,FALSE
1585,C,0.980701754,FALSE
1586,A,0.98245614,FALSE
1587,C,0.989473684,FALSE
1588,A,0.985964912,FALSE
1589,G,0.985964912,FALSE
1590,G,0.983458647,FALSE
1591,G,0.983458647,FALSE
1592,T,0.98245614,FALSE
1593,G,0.985552116,FALSE
1594,G,0.987616099,FALSE
1595,T,0.987616099,FALSE
1596,G,0.989680083,FALSE
1597,A,0.989680083,FALSE
1598,A,0.989680083,FALSE
1599,G,0.989473684,FALSE
1600,C,0.989473684,FALSE
1601,T,0.989473684,FALSE
1602,G,0.987969925,FALSE
1603,C,0.985964912,FALSE
1604,T,0.986466165,FALSE
1605,A,0.986466165,FALSE
1606,T,0.984415584,FALSE
1607,G,0.984415584,FALSE
1608,A,0.979220779,FALSE
1609,C,0.975324675,FALSE
1610,A,0.97012987,FALSE
1611,G,0.963636364,FALSE
1612,A,0.963636364,FALSE
1613,C,0.968379447,FALSE
1614,T,0.968379447,FALSE
1615,T,0.969367589,FALSE
1616,C,0.969367589,FALSE
1617,A,0.969367589,FALSE
1618,A,0.971304348,FALSE
1619,T,0.972307692,FALSE
1620,T,0.979230769,FALSE
1621,A,0.978461538,FALSE
1622,T,0.978461538,FALSE
1623,T,0.977391304,FALSE
1624,A,0.976923077,FALSE
1625,T,0.978119658,FALSE
1626,C,0.980769231,FALSE
1627,G,0.980769231,FALSE
1628,C,0.979130435,FALSE
1629,T,0.979230769,FALSE
1630,A,0.979230769,FALSE
1631,C,0.980769231,FALSE
1632,A,0.98,FALSE
1633,A,0.979249012,FALSE
1634,T,0.979249012,FALSE
1635,A,0.976284585,FALSE
1636,G,0.979672501,FALSE
1637,A,0.981225296,FALSE
1638,G,0.98173913,FALSE
1639,T,0.98,FALSE
1640,C,0.977272727,FALSE
1641,A,0.9743083,FALSE
1642,C,0.9743083,FALSE
1643,A,0.977391304,FALSE
1644,G,0.979130435,FALSE
1645,T,0.981538462,FALSE
1646,A,0.981538462,FALSE
1647,C,0.982608696,FALSE
1648,T,0.982608696,FALSE
1649,T,0.980237154,FALSE
1650,G,0.980237154,FALSE
1651,A,0.979672501,FALSE
1652,T,0.979672501,FALSE
1653,A,0.983060418,FALSE
1654,T,0.978543196,FALSE
1655,T,0.97515528,FALSE
1656,T,0.976284585,FALSE
1657,G,0.979249012,FALSE
1658,C,0.97826087,FALSE
1659,C,0.97826087,FALSE
1660,A,0.975296443,FALSE
1661,A,0.975296443,FALSE
1662,G,0.975296443,FALSE
1663,C,0.972896669,FALSE
1664,T,0.980519481,FALSE
1665,C,0.986466165,FALSE
1666,A,0.986466165,FALSE
1667,A,0.988311688,FALSE
1668,T,0.988706945,FALSE
1669,T,0.988311688,FALSE
1670,T,0.987969925,FALSE
1671,G,0.981818182,FALSE
1672,T,0.981818182,FALSE
1673,T,0.981818182,FALSE
1674,T,0.983458647,FALSE
1675,A,0.983458647,FALSE
1676,C,0.980701754,FALSE
1677,A,0.981954887,FALSE
1678,A,0.984415584,FALSE
1679,A,0.984415584,FALSE
1680,A,0.984415584,FALSE
1681,T,0.987969925,FALSE
1682,A,0.989473684,FALSE
1683,G,0.978947368,FALSE
1684,T,0.981424149,FALSE
1685,T,0.981424149,FALSE
1686,G,0.979360165,FALSE
1687,G,0.978947368,FALSE
1688,C,0.975232198,FALSE
1689,A,0.977941176,FALSE
1690,A,0.982352941,FALSE
1691,G,0.982352941,FALSE
1692,T,0.982352941,FALSE
1693,A,0.982352941,FALSE
1694,T,0.982352941,FALSE
1695,T,0.982352941,FALSE
1696,T,0.977941176,FALSE
1697,T,0.977296182,FALSE
1698,G,0.980392157,FALSE
1699,A,0.976470588,FALSE
1700,A,0.967647059,FALSE
1701,T,0.958823529,FALSE
1702,G,0.960714286,FALSE
1703,T,0.96043956,FALSE
1704,T,0.967857143,FALSE
1705,A,0.969230769,FALSE
1706,T,0.975,FALSE
1707,G,0.975,FALSE
1708,A,0.975,FALSE
1709,C,0.975,FALSE
1710,G,0.979411765,FALSE
1711,G,0.970588235,FALSE
1712,T,0.964285714,FALSE
1713,G,0.956043956,FALSE
1714,G,0.956043956,FALSE
1715,G,0.956043956,FALSE
1716,T,0.945054945,FALSE
1717,G,0.945054945,FALSE
1718,C,0.945054945,FALSE
1719,A,0.945054945,FALSE
1720,T,0.945054945,FALSE
1721,T,0.956043956,FALSE
1722,A,0.956043956,FALSE
1723,A,0.96043956,FALSE
1724,T,0.932142857,FALSE
1725,G,0.929411765,FALSE
1726,C,0.931372549,FALSE
1727,T,0.931372549,FALSE
1728,C,0.958333333,FALSE
1729,G,0.958333333,FALSE
1730,T,0.958333333,FALSE
1731,G,0.931372549,FALSE
1732,A,0.921568627,FALSE
1733,A,0.921568627,FALSE
1734,G,0.91754386,FALSE
1735,T,0.91754386,FALSE
1736,T,0.902255639,FALSE
1737,G,0.902255639,FALSE
1738,T,0.902255639,FALSE
1739,T,0.902255639,FALSE
1740,G,0.914285714,FALSE
1741,T,0.908270677,FALSE
1742,T,0.922807018,FALSE
1743,A,0.922807018,FALSE
1744,C,0.930827068,FALSE
1745,A,0.919298246,FALSE
1746,A,0.922807018,FALSE
1747,A,0.922807018,FALSE
1748,C,0.930827068,FALSE
1749,T,0.89924812,TRUE
1750,A,0.89924812,TRUE
1751,T,0.887719298,TRUE
1752,G,0.887719298,TRUE
1753,A,0.887719298,TRUE
1754,C,0.866165414,TRUE
1755,A,0.854135338,TRUE
1756,A,0.807518797,TRUE
1757,G,0.831168831,TRUE
1758,A,0.804630152,TRUE
1759,G,0.829051383,TRUE
1760,T,0.829051383,TRUE
1761,G,0.829051383,TRUE
1762,C,0.829051383,TRUE
1763,T,0.829051383,TRUE
1764,G,0.829051383,TRUE
1765,G,0.829051383,TRUE
1766,C,0.813241107,TRUE
1767,T,0.813241107,TRUE
1768,A,0.855731225,TRUE
1769,T,0.856578204,TRUE
1770,C,0.871259176,TRUE
1771,C,0.857142857,TRUE
1772,T,0.873517787,TRUE
1773,T,0.855844156,TRUE
1774,T,0.855844156,TRUE
1775,G,0.855844156,TRUE
1776,A,0.873684211,TRUE
1777,A,0.863157895,TRUE
1778,C,0.890608875,TRUE
1779,A,0.914215686,FALSE
1780,A,0.914215686,FALSE
1781,A,0.935294118,FALSE
1782,T,0.935294118,FALSE
1783,T,0.935294118,FALSE
1784,T,0.935294118,FALSE
1785,G,0.928571429,FALSE
1786,G,0.928571429,FALSE
1787,T,0.928571429,FALSE
1788,A,0.928571429,FALSE
1789,A,0.916483516,FALSE
1790,A,0.916483516,FALSE
1791,G,0.895604396,TRUE
1792,C,0.895604396,TRUE
1793,T,0.895104895,TRUE
1794,A,0.963636364,FALSE
1795,G,0.963636364,FALSE