Relationship,,2,16,32,64,113,128,177,209,225,241,1
Order,,1,1,1,1,1,1,1,1,1,1,1
Cluster,,1,1,1,1,1,1,1,1,1,1,1
Position,Base,,,,,,,,,,,
1,A,8.00661187522806e-09,0.0,0.0064507836703944985,0.002699004068965769,0.0,0.0013049707719624127,0.0,0.0,0.028193371546663078,0.0,0.9613518619354025
2,T,7.962639805982859e-33,4.806680416441448e-70,1.4682626501729146e-15,1.276179532452311e-08,0.04528003405348044,0.0,0.0,0.0,0.0,0.0,0.9547199531847228
3,A,1.193022851483054e-11,0.0,0.0018431694567517566,0.0027049851546732686,0.0,0.00641795828740079,0.0,0.0,0.018283717140813432,0.0,0.9707501699484304
4,A,5.322621968673899e-10,0.0,0.003646926515099551,3.805657584401109e-07,0.0,0.0007880693416404076,0.0,0.0,0.04611013395020373,0.0,0.9494544890950357
5,A,5.045880377797213e-11,0.0,0.0429413278713394,0.0007972853297293065,0.0,0.0141225740902565,0.0,0.0,0.04230224740738367,0.0,0.8998365652508322
6,T,6.08969344314357e-152,1.008583047024456e-12,4.305698735637897e-13,3.8962414307494387e-10,0.070819181059073,0.0,0.0,0.0,0.0,0.0,0.9291808185498637
7,C,7.287139406416292e-05,0.00028694395951713356,0.0,0.00018546930599966957,0.0,0.0015839447128245265,0.0,0.043510049852735426,0.0,0.0,0.9543607207748591
8,A,1.1930509562729869e-06,0.0,0.0019656230723149844,0.0002022216503015938,0.0,0.0022204291688535122,0.0,0.0,0.03466597320570397,0.0,0.9609445598518697
9,A,6.076255573258888e-06,0.0,0.0015646633266954016,0.0005374570370300219,0.0,0.00160489559101655,0.0,0.0,0.040356168287125654,0.0,0.9559307395025592
10,C,3.503831810457667e-06,0.0007781470465701365,0.0,9.345029813411555e-05,0.0,0.001145894933192868,0.0,0.04013919728325849,0.0,0.0,0.957839806607034
11,G,0.0002585586019109399,0.0011926661928737788,0.0004829624408435413,0.0,0.0,0.0006821435284730878,0.028182197687929393,0.0,0.0,0.0,0.9692014715479693
12,G,2.5356796886281815e-13,0.0016670793950696943,0.00087232887066811,0.0,0.0,0.0005524765899157744,0.04161040498093363,0.0,0.0,0.0,0.9552977101631593
13,A,3.0360036684350294e-05,0.0,0.0045293033087302455,0.003211075772080921,0.0,0.014387324262754192,0.0,0.0,0.06489977043938937,0.0,0.912942166180361
14,G,4.004733345916113e-06,6.043200405890067e-05,0.0002854994018854664,0.0,0.0,0.0017937057111984162,0.04034926522338284,0.0,0.0,0.0,0.9575070929261285
15,A,0.00012393011969258507,0.0,0.0019732273794915004,5.653054369781105e-05,0.0,0.00040735955392466806,0.0,0.0,0.042191925361403176,0.0,0.9552470270417901
16,T,4.523183216742176e-33,3.830513561632293e-06,0.0014262799045316598,0.002263783692434056,0.02603727293696412,0.0,0.0,0.0,0.0,0.0,0.9702688329525087
17,T,1.6532558407574957e-08,2.0366930846581357e-09,0.00014832605807039306,0.00028764131280993534,0.04575864073702352,0.0,0.0,0.0,0.0,0.0,0.9538053733228447
18,T,3.308222358969493e-08,0.0001232955404392512,3.138551106756931e-05,0.0005013234886164706,0.04278271941473111,0.0,0.0,0.0,0.0,0.0,0.9565612429629219
19,A,4.002978538279508e-20,0.0,0.01952932348336822,0.001382485623387075,0.0,0.023122729954363173,0.0,0.0,0.06107840229212954,0.0,0.8948870586467519
20,G,3.782190553276833e-23,3.780223552484423e-31,7.299944737707057e-28,0.0,0.0,1.0591762155915629e-11,0.03663634847872677,0.0,0.0,0.0,0.9633636515106814
21,T,9.86519252004938e-280,4.1948479843094877e-10,1.8530240539026947e-16,1.404816766581418e-13,0.036423461299999314,0.0,0.0,0.0,0.0,0.0,0.9635765382803751
22,T,1.034888199241961e-08,0.00012060047975481647,0.0010515101148394386,0.00046497260749239056,0.04146664544589235,0.0,0.0,0.0,0.0,0.0,0.956896261003139
23,C,2.1116211658734426e-12,0.00018773167262047997,0.0,0.00152974505652002,0.0,0.001812065296206856,0.0,0.03922579560990026,0.0,0.0,0.9572446623626407
24,C,3.34018565763556e-05,0.0021926580812124275,0.0,0.0003372313169089934,0.0,9.934683585999266e-05,0.0,0.03465782866395394,0.0,0.0,0.9626795332454883
25,G,0.0010444175778769786,0.0013105838298453011,0.0002690571798499262,0.0,0.0,0.001016203945010635,0.031014450870244258,0.0,0.0,0.0,0.9653452865971728
26,A,9.598864345797705e-06,0.0,0.005764108309865786,0.0006568970496183219,0.0,0.0038133782608866244,0.0,0.0,0.04379967629737655,0.0,0.9459563412179068
27,C,3.402550505718007e-05,0.0004831129314522592,0.0,0.001198888491313738,0.0,0.00014384586294728243,0.0,0.0435585093742539,0.0,0.0,0.9545816178349755
28,G,3.060314013453215e-48,7.873571303993328e-24,0.00011176144755891403,0.0,0.0,6.843701828440642e-12,0.005364363384676812,0.0,0.0,0.0,0.9945238751609206
29,A,7.594252349713757e-06,0.0,0.001212552745978262,0.0013092266959909555,0.0,0.08300301800949818,0.0,0.0,0.029780280680088426,0.0,0.8846873276160946
30,C,0.005500395201460823,0.0014732802381556543,0.0,0.00023265347663943206,0.0,0.006221655605484988,0.0,0.011746636952085873,0.0,0.0,0.9748253785261733
31,G,4.052958537165516e-09,3.447098134962622e-05,3.540431460392815e-05,0.0,0.0,0.00038404436923163366,0.03853158036169167,0.0,0.0,0.0,0.9610144959201646
32,T,6.724608776715034e-17,0.0005421963569286421,0.00016436481852023343,5.261823557837378e-09,0.030807644947075392,0.0,0.0,0.0,0.0,0.0,0.9684857886156522
33,T,4.918995640156924e-07,5.139875860595581e-06,0.000211902622193289,0.00032101710690595793,0.048393768621449396,0.0,0.0,0.0,0.0,0.0,0.9510676798740267
34,G,9.501729623558249e-07,0.00019117293544587376,0.0007582707098138337,0.0,0.0,0.0010762955225452544,0.03198160401777968,0.0,0.0,0.0,0.965991706641453
35,G,1.2032158281549221e-06,0.00038581343932299106,4.0470886700740194e-05,0.0,0.0,0.001004380680147016,0.03389137358624913,0.0,0.0,0.0,0.9646767581917519
36,A,6.167692577149687e-06,0.0,0.0013770933772072282,0.0019365527169809757,0.0,0.0015589858238931596,0.0,0.0,0.03899129827807854,0.0,0.9561299021112629
37,T,3.50008362887e-182,1.0021813152929985e-41,2.1605235748902235e-26,6.299746078666564e-39,0.01775959823579866,0.0,0.0,0.0,0.0,0.0,0.9822404017642014
38,G,0.000997363731616292,4.360735236340862e-36,1.9879710200755786e-35,0.0,0.0,1.0300054967403932e-17,0.01422343174436481,0.0,0.0,0.0,0.9847792045240188
39,A,2.8728669095157005e-06,0.0,0.0003468162003685336,2.8904722355765837e-05,0.0,0.0023581677009446144,0.0,0.0,0.03740071849056859,0.0,0.959862520018853
40,A,1.9059902830135142e-11,0.0,0.00037151693923345535,0.00013703627923541248,0.0,0.00392165577868935,0.0,0.0,0.03772816816648978,0.0,0.9578416228172922
41,A,0.0006503823036185536,0.0,0.00013831085344859613,0.00015625698755313924,0.0,0.00272974513519846,0.0,0.0,0.04303987286487514,0.0,0.9532854318553061
42,T,4.887021509427005e-10,0.001456566091779223,3.0484305650369918e-05,0.00033467666830817416,0.04553563988054995,0.0,0.0,0.0,0.0,0.0,0.9526426325650101
43,C,1.3469583720133029e-08,0.0004786404795398437,0.0,0.0030977236644368312,0.0,0.0005020891573297022,0.0,0.03756301394119084,0.0,0.0,0.958358519287919
44,A,2.4820436757538586e-05,0.0,0.023485205951833236,0.008730483854735285,0.0,0.0073282752559599,0.0,0.0,0.004891332316583413,0.0,0.9555398821841307
45,G,4.059378335625187e-08,0.0003162466453749562,3.23170155448306e-05,0.0,0.0,0.0025127363875400285,0.03851847795622614,0.0,0.0,0.0,0.9586201814015307
46,G,3.6599964000337076e-17,0.00040313403529859486,0.0008025989154667053,0.0,0.0,0.0003843926454355327,0.03707428982312825,0.0,0.0,0.0,0.9613355845806709
47,T,2.544694886739855e-05,0.0001791332346244988,8.641575403616775e-06,8.26534080553867e-08,0.03987037244136018,0.0,0.0,0.0,0.0,0.0,0.9599163231463362
48,G,5.1843345063736435e-87,0.0005696594773767458,6.471794308877355e-11,0.0,0.0,2.0021719147609382e-19,0.01382768292152684,0.0,0.0,0.0,0.9856026575363784
49,A,1.2371024397561825e-10,0.0,0.003656535668103454,0.031316202337433895,0.0,0.002613909989763529,0.0,0.0,0.0027558234949844026,0.0,0.9596575283860045
50,G,1.6607559183830012e-147,0.0002402075237063095,0.006782950661567647,0.0,0.0,2.539959396486755e-10,0.0664439813575593,0.0,0.0,0.0,0.9265328602031709
51,G,3.546415422159111e-101,0.023505534824751623,1.320778922681075e-10,0.0,0.0,0.026051128393933937,0.018422839348776237,0.0,0.0,0.0,0.9320204973004603
52,C,1.8428973011785146e-11,0.0006241307430819644,0.0,0.0006000428742611103,0.0,0.005212594273396329,0.0,0.04793572305138359,0.0,0.0,0.9456275090394479
53,A,0.00021823241798871743,0.0,0.00032652257285598616,0.006800796460990882,0.0,0.00364251732949239,0.0,0.0,0.019539461088487132,0.0,0.9694724701301848
54,A,1.6632500030058748e-06,0.0,5.537759539964841e-05,0.0005375542214252362,0.0,0.02324476656360926,0.0,0.0,0.01900973197498655,0.0,0.9571509063945765
55,A,1.051573325343922e-07,0.0,0.06681554562910695,0.005520042408794996,0.0,0.03455316579006939,0.0,0.0,0.010535379931739051,0.0,0.8825757610829571
56,C,0.0009348108948916771,0.0013854021216194428,0.0,0.0010101203152531638,0.0,0.006655720798317143,0.0,0.07781129555614989,0.0,0.0,0.9122026503137687
57,A,4.9582786351170164e-12,0.0,0.019185328614973674,7.0480995210145586e-06,0.0,0.02339763946569715,0.0,0.0,0.03159073194654763,0.0,0.9258192518683022
58,A,3.885123119593984e-18,0.0,0.022793842151711836,0.010797717273281363,0.0,0.012046009244474349,0.0,0.0,0.11084084882278712,0.0,0.8435215825077453
59,G,0.0,8.74819771121905e-45,5.118007891994744e-10,0.0,0.0,4.472047493667145e-14,0.04738432414515239,0.0,0.0,0.0,0.9526156753430022
60,A,4.6907148778655166e-08,0.0,0.0006594919396112788,0.0032814282819755678,0.0,0.002786773695897667,0.0,0.0,0.040115987908756444,0.0,0.9531562712666103
61,C,0.00041740317734482166,0.0033862709080787023,0.0,0.00021729650472548847,0.0,0.0020552998391451605,0.0,0.040056130800694964,0.0,0.0,0.9538675987700109
62,C,4.414574586474109e-16,0.0007234497210957687,0.0,0.003727172929053541,0.0,0.0008025123915193366,0.0,0.03420519161996321,0.0,0.0,0.9605416733383677
63,A,0.0005679158912924006,0.0,0.00659896311968531,6.669669237032275e-05,0.0,0.0057210980091275615,0.0,0.0,0.020774426397100716,0.0,0.9662708998904238
64,T,3.6004073633693065e-62,1.5263300914436267e-87,0.0005211382165730755,8.91892635665088e-15,0.05372761629870205,0.0,0.0,0.0,0.0,0.0,0.9457512454847159
65,C,0.0017097786845721255,0.005089320444025193,0.0,0.01066019514325131,0.0,0.0036981370029027572,0.0,0.021428995636705275,0.0,0.0,0.9574135730885434
66,A,7.893412827442118e-08,0.0,0.0005801022260283732,0.0005816812081330564,0.0,0.0019833566151566356,0.0,0.0,0.036297135168981434,0.0,0.9605576458475723
67,C,4.470371192403056e-14,0.00013446489727354436,0.0,0.0008480972495519503,0.0,0.00068596968205026,0.0,0.03273375848271965,0.0,0.0,0.9655977096883599
68,G,1.526714930617823e-10,9.293630977895576e-05,0.002255813911039477,0.0,0.0,9.884938010750121e-05,0.04583630633036164,0.0,0.0,0.0,0.9517160939160408
69,G,0.0006428156241304266,0.0006504213777696465,0.001943992816230312,0.0,0.0,0.00097209427931154,0.03615760694816065,0.0,0.0,0.0,0.9596330689543974
70,G,9.061543293556414e-09,5.6428047403097085e-06,0.00039022213337554094,0.0,0.0,0.0001545187549326986,0.041721339538851376,0.0,0.0,0.0,0.9577282677065568
71,A,2.124806189181186e-09,0.0,0.0011476918056287583,0.000695347049401729,0.0,0.0003376612437416731,0.0,0.0,0.03208037919492653,0.0,0.9657389185814951
72,G,0.0005514907840572011,0.0004873922557790191,0.0009272319974780819,0.0,0.0,0.0015308108427498635,0.04905823590139729,0.0,0.0,0.0,0.9474448382185384
73,T,2.6078785761484392e-22,0.0002441975144452837,0.0007289330296342484,2.855861010675304e-05,0.029539810965959753,0.0,0.0,0.0,0.0,0.0,0.9694584998798541
74,A,0.00022367569545659702,0.0,0.0022693989725053776,0.0027473327176231184,0.0,0.09189652754449917,0.0,0.0,0.06377144175568601,0.0,0.8390916233142297
75,A,0.00284122986240739,0.0,0.0009139285509156222,0.018235243380136552,0.0,0.004713918198463253,0.0,0.0,0.019554660060838957,0.0,0.9537410199472383
76,C,0.00019365600619595974,0.0030799107057538763,0.0,1.9406051750737e-05,0.0,1.1475856659705945e-05,0.0,0.031638548744317437,0.0,0.0,0.9650570026353222
77,T,4.124463275971882e-21,0.00011142445051267691,0.0001321834759911595,6.571788159415807e-07,0.037563275070742315,0.0,0.0,0.0,0.0,0.0,0.9621924598239379
78,T,0.000520329297883379,2.2753689958212163e-05,1.0764415381263593e-05,3.0018700499398328e-05,0.03957046942986219,0.0,0.0,0.0,0.0,0.0,0.9598456644664155
79,T,3.841961790411528e-17,0.00017673824135746268,0.0006009727815008914,2.932570397810844e-08,0.03582093371518407,0.0,0.0,0.0,0.0,0.0,0.9634013259362537
80,A,4.793585263890977e-06,0.0,0.0005620934398134524,6.157051697110677e-06,0.0,0.002264951718580387,0.0,0.0,0.044190862765642956,0.0,0.9529711414390021
81,C,0.009080037598381678,0.01900955678809122,0.0,0.0018336509074199933,0.0,0.004041303611802378,0.0,0.01697408501455871,0.0,0.0,0.949061366079746
82,T,3.827804826135284e-20,1.6666858308332366e-05,4.224593186246256e-06,5.386833328466651e-06,0.04079082331593365,0.0,0.0,0.0,0.0,0.0,0.9591828983992432
83,A,1.4856999673487315e-06,0.0,0.0002304721461215172,1.8993003627672746e-05,0.0,0.001513462741389257,0.0,0.0,0.0402970433055979,0.0,0.9579385431032963
84,G,0.0002041295183292082,0.0017459903919935797,0.00034886673966671517,0.0,0.0,0.00026967670117486096,0.04210879537860118,0.0,0.0,0.0,0.9553225412702344
85,A,9.917247543747184e-06,0.0,0.0017091830490089505,0.00012417116952948408,0.0,9.233260173795453e-05,0.0,0.0,0.052104119275974047,0.0,0.9459602766562057
86,C,0.0005919409350473801,0.0002553460691486979,0.0,0.00016878983096918176,0.0,0.00013068345909243362,0.0,0.017221610859091505,0.0,0.0,0.9816316288466508
87,A,1.5139164364965415e-12,0.0,0.0006238251272134265,0.004517617836641756,0.0,0.019168561508529323,0.0,0.0,0.03798974751798377,0.0,0.9377002480081178
88,G,6.195805771835816e-76,1.3095832035693013e-05,0.0002871626100499941,0.0,0.0,0.002559352752290887,0.0205602275551471,0.0,0.0,0.0,0.9765801612504763
89,T,4.93176515425394e-110,6.01717253684939e-08,7.762849297117956e-07,1.2155143445012628e-78,0.03630790029230628,0.0,0.0,0.0,0.0,0.0,0.9636912632510386
90,T,4.801091370766851e-10,0.0003314091660447231,0.004105289590026303,3.1270796304894464e-05,0.04218157776449916,0.0,0.0,0.0,0.0,0.0,0.9533504522030157
91,C,8.404583828767518e-10,0.00035702413618538627,0.0,0.0012921605654422706,0.0,0.002034908634136952,0.0,0.05049278653358199,0.0,0.0,0.945823119290195
92,T,8.850307422839049e-06,6.310802024614479e-06,0.00012440798813565174,2.653021451365519e-06,0.04210419796057779,0.0,0.0,0.0,0.0,0.0,0.9577535799203878
93,G,5.541091294773413e-07,1.150012379918845e-05,0.0015691780855481695,0.0,0.0,0.000474212846187098,0.034434327097142836,0.0,0.0,0.0,0.9635102277381933
94,C,0.0005450781735714368,0.015013046023068896,0.0,0.03949007081757541,0.0,4.6224933753482064e-05,0.0,0.014737001794034001,0.0,0.0,0.9301685782579968
95,T,3.2209366632370664e-18,2.8842926937133645e-06,4.5325802901158506e-05,8.884657709862999e-07,0.03828383474118526,0.0,0.0,0.0,0.0,0.0,0.9616670666974488
96,G,8.345049425053597e-07,0.00016009516730458153,0.00023977939472226268,0.0,0.0,0.0005745949692693772,0.038149945828113034,0.0,0.0,0.0,0.9608747501356484
97,A,4.711472532322105e-06,0.0,0.00043909033058585714,0.0021161853891022114,0.0,0.0021328260919188788,0.0,0.0,0.04681447694462689,0.0,0.9484927097712338
98,A,7.059267064393451e-08,0.0,0.0005114729098698651,2.8164538797652246e-05,0.0,0.0053198065611491235,0.0,0.0,0.059034193785088875,0.0,0.9351062916124239
99,G,1.0458443773778296e-06,0.00029447997700840804,0.0007957086409510138,0.0,0.0,0.0012046080319816541,0.037988672024574247,0.0,0.0,0.0,0.9597154854811073
100,G,3.362414107245432e-11,0.00023990366388937126,0.0002571167562621664,0.0,0.0,6.341465510709704e-06,0.03818079598775776,0.0,0.0,0.0,0.9613158420929558
101,C,1.540416498969122e-06,0.0002581535523648251,0.0,0.0004424954992326095,0.0,0.000522790313064889,0.0,0.041180277673593425,0.0,0.0,0.9575947425452452
102,C,0.00041685847762570677,0.0019139846785163506,0.0,0.0006178015290139013,0.0,0.0002991128235970067,0.0,0.050731780956649174,0.0,0.0,0.946020461534598
103,T,0.000482831428649611,2.0529983574625832e-05,0.0013261524481428197,2.979606291058412e-05,0.04247787241703712,0.0,0.0,0.0,0.0,0.0,0.9556628176596854
104,C,0.00018564918183268237,0.0001963068191486579,0.0,0.0007453836429952616,0.0,0.00021208687631006661,0.0,0.03530708660972617,0.0,0.0,0.9633534868699872
105,C,0.0003427993838280176,6.377176806658076e-05,0.0,0.005358286498525972,0.0,0.01094381198607315,0.0,0.03310309517215695,0.0,0.0,0.9501882351913493
106,A,0.007079353571219632,0.0,0.005046573559591402,7.301449895457326e-05,0.0,0.002929964235835557,0.0,0.0,0.06265180529133052,0.0,0.9222192888430684
107,C,0.0027940130663073365,0.0008706404117050667,0.0,0.01795329340827219,0.0,0.001843929156625394,0.0,0.03667977939686292,0.0,0.0,0.9398583445602271
108,T,2.609815449667662e-12,0.004268029883485382,4.465655750777632e-06,0.00502782641173879,0.028424706647514546,0.0,0.0,0.0,0.0,0.0,0.9622749713989007
109,G,2.1509998378024638e-05,7.738637548247101e-05,0.0003322649301015261,0.0,0.0,0.0011144875134582392,0.033865857121931214,0.0,0.0,0.0,0.9645884940606485
110,G,3.7044833845773995e-57,1.6508680791410778e-07,3.4799884762919408e-09,0.0,0.0,1.7409742188008622e-06,0.040192544801989576,0.0,0.0,0.0,0.959805545656995
111,G,1.6655771399466505e-08,0.00019345610943780547,0.0017698762729613567,0.0,0.0,0.0010016059595289702,0.04148843694137253,0.0,0.0,0.0,0.955546608060928
112,G,2.713835163137291e-19,0.0008354608614350531,0.0012526565689901467,0.0,0.0,0.0004947975784216725,0.03671591308394173,0.0,0.0,0.0,0.9607011719072115
113,T,2.402755360650089e-20,7.694279399729742e-05,4.394498397483594e-06,0.0004885710922846176,0.05159627937705216,0.0,0.0,0.0,0.0,0.0,0.9478338122382685
114,T,4.034889923144599e-05,0.0009682962549565553,7.727692702639799e-09,9.207913963131165e-06,0.05142266147335796,0.0,0.0,0.0,0.0,0.0,0.9475594777307983
115,A,0.020831516122404487,0.0,0.03168204929002117,0.00013468941912252847,0.0,0.0038546576040452405,0.0,0.0,0.041668839522018206,0.0,0.9018282480423885
116,G,4.4017789042241274e-15,0.0011843855617832849,0.0021283349166553228,0.0,0.0,4.09507803005228e-06,0.007961760400533837,0.0,0.0,0.0,0.9887214240429931
117,C,2.747457152069196e-10,0.03524769628636927,0.0,3.8252104943117394e-05,0.0,0.002559014338403153,0.0,0.020277857519500765,0.0,0.0,0.9418771794760379
118,A,1.9285919467233564e-07,0.0,0.024419531303745648,0.008290396299703458,0.0,0.007527232972612562,0.0,0.0,0.041820716379498975,0.0,0.9179419301852447
119,C,0.00016034785541131592,0.00016763492510168192,0.0,0.0005804197011210287,0.0,0.00022532520263180266,0.0,0.03397238425418397,0.0,0.0,0.9648938880615502
120,C,4.050700360025215e-10,0.0016202342027862178,0.0,0.0007852631377807224,0.0,6.878421238516274e-05,0.0,0.041483113939713816,0.0,0.0,0.956042604102264
121,G,2.7596755849977516e-10,0.0006791669026964793,0.00233382729851728,0.0,0.0,0.0003944851012314645,0.03866318823561479,0.0,0.0,0.0,0.9579293321859724
122,G,9.267532252148475e-20,0.00013305640267106999,0.0016529120326200474,0.0,0.0,0.001164679123408273,0.043043673394902414,0.0,0.0,0.0,0.9540056790463982
123,G,1.1341126652851875e-98,9.677505533777158e-12,7.508421405863209e-20,0.0,0.0,0.000683088592441748,0.03017405244010723,0.0,0.0,0.0,0.9691428589577736
124,A,2.5900101273689388e-08,0.0,0.0014399218558135514,0.0010083148681417349,0.0,0.0008985593484292446,0.0,0.0,0.04056657068350519,0.0,0.956086607344009
125,C,3.164268643917671e-12,2.6955571019399257e-05,0.0,9.44962249838102e-06,0.0,0.0001467784662803822,0.0,0.03981606229741083,0.0,0.0,0.9600007540396267
126,C,3.128706384458117e-11,0.00011923941760328769,0.0,0.0007433999107719877,0.0,0.001030523109258765,0.0,0.04117525702865901,0.0,0.0,0.9569315805024198
127,C,3.5034037655881964e-09,0.000268482378827566,0.0,0.016742868000237825,0.0,0.02186905573876773,0.0,0.0577410724689692,0.0,0.0,0.9033785179097938
128,A,0.023942415294609012,0.0,0.04722201602702874,0.028544267644680925,0.0,0.013137622646134215,0.0,0.0,0.054472852557916424,0.0,0.8326808258296305
129,T,0.0,2.5373478029418955e-15,5.791849524808724e-36,1.2111752269312742e-60,0.0030407059147738486,0.0,0.0,0.0,0.0,0.0,0.9969592940852235
130,G,4.100207969338328e-05,0.0008588788451716651,7.32207009226614e-05,0.0,0.0,0.00012151835432020329,0.041504515122595134,0.0,0.0,0.0,0.957400864897297
131,G,4.721322076446257e-11,2.4543695191988542e-05,0.0003911358707523604,0.0,0.0,0.0006772836534661045,0.04111333651544615,0.0,0.0,0.0,0.9577937002179302
132,T,7.915877294546395e-08,5.9407645088870324e-05,0.00011906634426866084,2.073587152953673e-06,0.03367442529001108,0.0,0.0,0.0,0.0,0.0,0.9661449479747054
133,C,6.525880227410095e-08,1.5518414503083436e-06,0.0,0.0002819646522098455,0.0,0.0037500597680556044,0.0,0.04438243465664365,0.0,0.0,0.9515839238228383
134,C,3.562675929762849e-08,0.000629151994117725,0.0,0.0012109113063416487,0.0,0.0010101978494931956,0.0,0.05118868969027863,0.0,0.0,0.9459610135330094
135,G,3.1890127741699127e-09,0.0012132956934710747,0.0014662533958096466,0.0,0.0,0.0024601034995421667,0.04405657381511065,0.0,0.0,0.0,0.9508037704070538
136,G,9.459671726143629e-26,0.000289178455037143,0.00038996086691737145,0.0,0.0,0.00027901901537486206,0.039269501659013877,0.0,0.0,0.0,0.9597723400036569
137,A,0.008829413589831664,0.0,3.965953608298838e-06,0.0054634747404937066,0.0,0.041336974850643575,0.0,0.0,0.012891996190730153,0.0,0.9314741746746925
138,A,0.0009109154998235866,0.0,0.0038570250378776694,3.1759881375341145e-05,0.0,0.0010470253196949975,0.0,0.0,0.041856465967386916,0.0,0.9522968082938413
139,A,4.5197857803239594e-05,0.0,0.003344000362713437,2.3739693508983335e-09,0.0,0.0021558303876409416,0.0,0.0,0.04215482732139353,0.0,0.9523001416964796
140,C,1.0872926818447381e-09,0.0009996558249760683,0.0,0.000975119533446046,0.0,0.0011286153434044452,0.0,0.03566720604315495,0.0,0.0,0.9612294021677258
141,C,1.2572725190626088e-08,0.00027964795005717795,0.0,0.00306278571994701,0.0,0.0008297845513111574,0.0,0.04758552293667513,0.0,0.0,0.9482422462692844
142,G,7.053182594456023e-36,2.429325769359601e-13,0.0033833669048786165,0.0,0.0,0.006802778726419191,0.038303517277324596,0.0,0.0,0.0,0.9515103370911346
143,C,1.2134644486372774e-05,0.0012881792737072305,0.0,0.0020271187457164036,0.0,0.0007080639946478741,0.0,0.03135537364127216,0.0,0.0,0.9646091297001699
144,G,5.9594665841377076e-05,0.0008754017113526624,0.0005238401314937636,0.0,0.0,0.003071023322420966,0.028416994866499182,0.0,0.0,0.0,0.9670531453023922
145,T,4.2827705459958976e-240,9.081876431705999e-55,4.4044666266154816e-15,5.847554256546929e-12,0.0766435349497368,0.0,0.0,0.0,0.0,0.0,0.9233564650444113
146,T,1.796604912814071e-161,2.608801885523006e-05,2.0338768535201688e-18,9.435004395576656e-14,0.016288022779718525,0.0,0.0,0.0,0.0,0.0,0.9836858892013319
147,T,0.0,8.740060700202142e-10,0.0018456197116782386,0.03451217480630433,0.07572845271381826,0.0,0.0,0.0,0.0,0.0,0.8879137518941931
148,C,3.466727961628879e-21,0.00022634093924932513,0.0,0.03442359549149164,0.0,0.018860050540482693,0.0,0.05489103801520953,0.0,0.0,0.8915989750135669
149,G,2.544931727054657e-10,0.0025617442093266492,0.0001961986000633258,0.0,0.0,0.00027131441326519885,0.031785143677288616,0.0,0.0,0.0,0.9651855988455629
150,A,6.934191715984311e-06,0.0,0.0037843044957217727,9.900546051395567e-05,0.0,0.0030722214549399637,0.0,0.0,0.042336705922143454,0.0,0.950700828474965
151,G,0.0013537176097994195,0.00010120053757644516,0.0005511096580491316,0.0,0.0,0.00021085041970036274,0.033986642122083036,0.0,0.0,0.0,0.9637964796527917
152,G,7.515679184149092e-30,0.00040479669647044937,0.00045491661454010596,0.0,0.0,0.00024363843458435322,0.030673955629521597,0.0,0.0,0.0,0.9682226926248834
153,C,6.592030661157813e-05,8.05172363632837e-05,0.0,7.111046292108509e-05,0.0,0.0007280522212002132,0.0,0.04500079291139272,0.0,0.0,0.954053606861511
154,G,6.68603598539232e-05,0.0007074870875448875,5.4733285139831986e-05,0.0,0.0,0.0024348792430628104,0.04303106822595069,0.0,0.0,0.0,0.9537049717984479
155,T,3.864083684401034e-09,0.0007166666270735317,0.00048921382889005,0.0015094161560958352,0.04119870883342096,0.0,0.0,0.0,0.0,0.0,0.956085990690436
156,T,4.633214765564297e-14,8.534900208157505e-06,3.446981213699214e-08,0.0008426138350437331,0.04144020344252478,0.0,0.0,0.0,0.0,0.0,0.9577086133523649
157,G,1.8555091184228827e-190,0.0003134117418275109,0.00021973385553264964,0.0,0.0,1.4860366678074382e-05,0.010164707296225777,0.0,0.0,0.0,0.9892872867397361
158,T,1.6685197904747748e-42,0.0011543112130159754,1.0825596028784308e-08,0.00012051220409561573,0.0331319358487906,0.0,0.0,0.0,0.0,0.0,0.9655932299085018
159,A,1.2619167225392835e-06,0.0,0.00327377311021631,0.0001177939366317971,0.0,0.0020244502387040592,0.0,0.0,0.03262021637420322,0.0,0.9619625044235219
160,A,0.000982654072759555,0.0,0.0004439136967103821,0.000582547694468281,0.0,0.002741064284749417,0.0,0.0,0.0365379986842164,0.0,0.958711821567096
161,T,1.040901428126731e-120,1.9708184440701222e-05,3.935264802198139e-86,4.424831024607032e-13,0.04190961479435292,0.0,0.0,0.0,0.0,0.0,0.9580706770207638
162,A,0.00042156919436979885,0.0,0.0020937190580754,0.0006204081242005176,0.0,0.0028825038424448264,0.0,0.0,0.04815914894618034,0.0,0.9458226508347292
163,G,2.4744505018056206e-20,0.00012089974189168563,0.00037088804469213025,0.0,0.0,0.00038697809970580444,0.0392862049689982,0.0,0.0,0.0,0.9598350291447121
164,G,3.264196700430996e-05,0.0002364090469238678,0.0004610449358824092,0.0,0.0,0.00010238933100558819,0.05375608352897546,0.0,0.0,0.0,0.9454114311902083
165,A,1.1228283172167916e-05,0.0,0.000596219597071887,2.76107502484561e-05,0.0,0.002671709577727886,0.0,0.0,0.04869269341219532,0.0,0.9480005383795843
166,G,1.5333284693936523e-101,0.003985123951826143,3.0135591391182982e-05,0.0,0.0,2.0642288273243698e-07,0.027799733262168256,0.0,0.0,0.0,0.9681848007717316
167,G,0.0003265845618131617,0.00038461351624987245,0.0010295807928200444,0.0,0.0,0.00038206854835665745,0.043200702363265724,0.0,0.0,0.0,0.9546764502174945
168,A,7.1512151694735e-07,0.0,0.0010308045018340341,0.0004914777011700317,0.0,0.002153970116618557,0.0,0.0,0.0349277311913193,0.0,0.9613953013675411
169,G,5.461224522631673e-11,0.00042472013154093435,0.0002865889424379744,0.0,0.0,0.0041944601782067685,0.03950283181894844,0.0,0.0,0.0,0.9555913988742536
170,C,0.0002924168211903142,0.0001290804805693788,0.0,0.00015974971081973404,0.0,0.0026126267115468005,0.0,0.040155666753692296,0.0,0.0,0.9566504595221815
171,T,2.3877466526347144e-26,7.127260725088944e-13,7.2667838869573325e-25,0.00045044628240923013,0.04310060436899835,0.0,0.0,0.0,0.0,0.0,0.9564489493478796
172,T,0.0,2.132042742047857e-16,1.8044851327367726e-42,9.755617903014927e-93,0.04187894743499744,0.0,0.0,0.0,0.0,0.0,0.9581210525650024
173,T,0.0,3.0079364516001904e-43,1.040839719627392e-05,2.501431339842375e-20,0.027130924138339667,0.0,0.0,0.0,0.0,0.0,0.9728586674644641
174,A,8.424674692528192e-09,0.0,0.0014639078529656076,0.00013118985703602397,0.0,0.0006117615274842507,0.0,0.0,0.03668979225950999,0.0,0.9611033400783294
175,A,2.2503134542930387e-05,0.0,0.001481806545316614,0.00046558044409909056,0.0,0.0007760558067851764,0.0,0.0,0.035307147074852545,0.0,0.9619469069944037
176,G,1.1980636552518885e-06,0.00017979656746194063,0.0016168184563237792,0.0,0.0,0.00012605419633982497,0.041162421741463444,0.0,0.0,0.0,0.9569137109747556
177,T,2.2185572214881764e-31,0.0006326759174531203,2.907661351001917e-08,3.4381054840763246e-05,0.04228225539586461,0.0,0.0,0.0,0.0,0.0,0.957050658555228
178,C,1.4874104053804068e-07,0.0004234928651769293,0.0,0.0006643081312936158,0.0,9.862336893894523e-05,0.0,0.047761602687654316,0.0,0.0,0.9510518242058956
179,C,1.6659787816237346e-12,0.0030067901291281523,0.0,0.00016335472901008653,0.0,0.0009024094838556004,0.0,0.02409865924619197,0.0,0.0,0.9718287864101482
180,A,0.01814603592307855,0.0,0.015170700822222043,0.003777843332443946,0.0,0.0042816737390656695,0.0,0.0,0.03373353955719954,0.0,0.9248902066259904
181,C,7.428634490592737e-05,0.0013054701721776703,0.0,0.0007206917291301954,0.0,0.0017884619964428608,0.0,0.035444889112480796,0.0,0.0,0.9606662006448626
182,T,2.0054502259062123e-31,0.00179029384015976,8.963049948486315e-05,0.0005643876321271902,0.04380336062114255,0.0,0.0,0.0,0.0,0.0,0.9537523274070856
183,C,9.404701716589086e-05,0.002127924041895349,0.0,0.001120400763101668,0.0,0.00029217092671747236,0.0,0.030891349209025528,0.0,0.0,0.9654741080420941
184,G,3.1143138141976663e-12,0.0011350360330680995,0.0004471610488606608,0.0,0.0,0.00025335903599043176,0.046077771538836465,0.0,0.0,0.0,0.9520866723401299
185,A,3.58754556607265e-05,0.0,0.0002226243916853584,0.006637858276003261,0.0,0.004252666779027642,0.0,0.0,0.03666631611161936,0.0,0.9521846589860037
186,C,0.011509482793336887,0.0004903345539931382,0.0,0.0011099191609322094,0.0,0.02025323813322376,0.0,0.07229832705393056,0.0,0.0,0.8943386983045835
187,C,4.9467845828190954e-08,0.0071655308723287394,0.0,0.0016761132382756144,0.0,0.036972094873926276,0.0,0.019322479763043954,0.0,0.0,0.9348637317845795
188,A,4.230226407293559e-07,0.0,0.0016295578950105188,0.0012456488369345842,0.0,0.012342374803910617,0.0,0.0,0.04606648471483182,0.0,0.9387155107266718
189,C,2.6506040630852844e-10,0.0022863000180055712,0.0,0.0005430748033684431,0.0,0.0031504075275857533,0.0,0.04755640546469818,0.0,0.0,0.9464638119212817
190,C,8.672962147581877e-05,6.281752373293799e-05,0.0,0.0003787296100139189,0.0,0.001852752043993868,0.0,0.0339908768038478,0.0,0.0,0.9636280943969355
191,C,9.636256115667633e-14,8.797255316295898e-05,0.0,0.0004232665368108103,0.0,0.0018448444549042742,0.0,0.03967597055531652,0.0,0.0,0.9579679458997091
192,C,7.646163930598787e-06,2.0856705219967806e-05,0.0,0.0004721749656557463,0.0,0.00028447090714630777,0.0,0.010260097463778194,0.0,0.0,0.9889547537942692
193,G,9.018934055087309e-05,0.0010190971068096356,6.27184019406568e-05,0.0,0.0,0.0018286040220898724,0.04461404567058017,0.0,0.0,0.0,0.9523853454580289
194,T,4.107087051881505e-06,0.0006031932166557108,1.1512829882794588e-10,6.709251706085486e-06,0.04127259673483991,0.0,0.0,0.0,0.0,0.0,0.958113393594618
195,C,0.0011316676234693133,0.033128334026763795,0.0,0.0062661436450135765,0.0,0.008168248735166358,0.0,0.022598937062120565,0.0,0.0,0.9287066689074664
196,A,6.447306563616755e-13,0.0,0.009287751648231854,4.369695085489578e-06,0.0,0.012455062874443222,0.0,0.0,0.03159777191339686,0.0,0.9466550438681979
197,T,1.5102250196626307e-85,1.2972140524229531e-79,1.6530332864056387e-20,3.3093791706347987e-13,0.01561065443132964,0.0,0.0,0.0,0.0,0.0,0.9843893455683395
198,T,6.837690703152847e-16,0.00022694908814469936,0.00010170576511902749,0.0007917409627802371,0.03811832522413297,0.0,0.0,0.0,0.0,0.0,0.9607612789598223
199,T,2.7260662446029048e-05,0.0009074330868679083,1.2236514229706801e-05,6.659520720974986e-05,0.027715490691186024,0.0,0.0,0.0,0.0,0.0,0.9712709838380604
200,C,4.201089895199328e-06,4.328346323708225e-05,0.0,0.0001699430836474005,0.0,0.0006819998906758326,0.0,0.043523649175558864,0.0,0.0,0.9555769232969856
201,G,0.001436443434064875,2.7568288559321397e-05,0.0003422844643696537,0.0,0.0,0.002261449519120213,0.04378002153120125,0.0,0.0,0.0,0.9521522327626848
202,C,0.0020804376950042548,0.0003571526587090178,0.0,4.795987610490351e-05,0.0,0.0008765171654168119,0.0,0.045873930844379955,0.0,0.0,0.9507640017603851
203,G,6.632075419021421e-09,0.00027463120415949,0.0012418329915849628,0.0,0.0,0.00046648539310345765,0.029410455801193832,0.0,0.0,0.0,0.9686065879778828
204,C,3.718004993994281e-17,0.002728543473804053,0.0,5.22108948966988e-05,0.0,0.0004274078146866207,0.0,0.033053784421800965,0.0,0.0,0.9637380533948117
205,G,5.547428411241077e-42,0.0006323601076354895,4.019124400896262e-12,0.0,0.0,3.9852452492315193e-07,0.0023742761776821483,0.0,0.0,0.0,0.9969929651861383
206,C,2.2197075944252882e-08,0.005127230189056244,0.0,0.0030369493738716985,0.0,0.010650426519651288,0.0,0.028324962456348784,0.0,0.0,0.9528604092639961
207,G,4.638407182031662e-19,2.43584970898594e-23,3.64408560940112e-11,0.0,0.0,2.6226453292533745e-08,0.024259702353674743,0.0,0.0,0.0,0.9757402713834311
208,A,0.0002760475369604571,0.0,0.023844604879513596,0.007300426280458866,0.0,0.0555878211045101,0.0,0.0,0.05344343225907169,0.0,0.8595476679394852
209,G,4.267080581703185e-18,0.0011567637311988344,0.0001917270823492652,0.0,0.0,0.0004517531510522151,0.0429487837255784,0.0,0.0,0.0,0.9552509723098211
210,C,3.5009343896773696e-15,8.200288291819502e-05,0.0,0.0020455546091260953,0.0,0.0004254933816285681,0.0,0.03907178508164937,0.0,0.0,0.9583751640446743
211,T,1.7986640668020968e-225,4.3791940233684896e-79,9.142134443998158e-12,4.9155211372583484e-12,0.011551850306820948,0.0,0.0,0.0,0.0,0.0,0.9884481496791213
212,G,0.00012198336103659481,0.00048238824238025876,7.777734419985533e-05,0.0,0.0,0.00031494672212400976,0.0317612450049702,0.0,0.0,0.0,0.967241659325289
213,T,0.00029628978408451,0.0001927057719232427,5.298934197354114e-08,0.0002320973302840467,0.031076590223777775,0.0,0.0,0.0,0.0,0.0,0.9682022639005884
214,G,6.133077140959452e-16,0.00368522943810269,0.0033964542565856426,0.0,0.0,8.738288975440152e-05,0.02945297370797357,0.0,0.0,0.0,0.963377959707583
215,A,0.00018306797430992397,0.0,0.0027363585638392647,0.0004453739918881882,0.0,0.0016433736168927585,0.0,0.0,0.03674324471467304,0.0,0.9582485811383968
216,G,0.0005619570737784705,0.0015798266176111017,0.000397483365226287,0.0,0.0,0.00012626550281244096,0.041732272397304905,0.0,0.0,0.0,0.9556021950432668
217,C,0.0006808651528111414,0.02825573463400864,0.0,0.0026023596322394702,0.0,0.0009534919741827395,0.0,0.009337851621270437,0.0,0.0,0.9581696969854875
218,T,4.779778235662715e-59,2.759130691620975e-26,5.3551466236504326e-24,3.493909313025117e-24,0.03456194135372837,0.0,0.0,0.0,0.0,0.0,0.9654380586462715
219,A,9.466744118621893e-06,0.0,0.0015096744659152126,0.00036757573377003993,0.0,0.005914421513588735,0.0,0.0,0.04493851100880867,0.0,0.9472603505337986
220,C,1.0835487228656108e-05,0.0034939274173809982,0.0,9.069078053194139e-06,0.0,0.0008681847496452543,0.0,0.04195440668669925,0.0,0.0,0.9536635765809927
221,A,9.79108838730825e-07,0.0,0.039210246126053595,0.0003488436555676397,0.0,0.02937453868455765,0.0,0.0,0.04269282454613133,0.0,0.888372567878851
222,G,2.0608231219548533e-05,0.0021210187035748417,0.00027801107729951075,0.0,0.0,0.00024790769682101475,0.034832400223773596,0.0,0.0,0.0,0.9625000540673114
223,G,1.9898101719552002e-07,0.0003229033636179485,0.0025032164556577953,0.0,0.0,0.00021114594739369443,0.03578356823821797,0.0,0.0,0.0,0.9611789670140954
224,G,2.7720937119632144e-05,0.00013332775695966626,9.917810115556188e-05,0.0,0.0,0.001081875308729037,0.03337840817478791,0.0,0.0,0.0,0.9652794897212482
225,A,0.0002707331879891945,0.0,0.0032596619461617675,1.2516778721936001e-05,0.0,0.017134058079078997,0.0,0.0,0.026151995988709462,0.0,0.9531710340193388
226,A,0.0001362175097100861,0.0,0.0007162164632541674,0.00579721451318611,0.0,0.02123239893033788,0.0,0.0,0.06323380756094611,0.0,0.9088841450225656
227,G,6.622713884987939e-120,2.3639524255179127e-14,0.0025213472348256196,0.0,0.0,8.379372073114201e-14,0.025200841246953737,0.0,0.0,0.0,0.9722778115181133
228,C,0.0018560113233632586,0.022745366706510898,0.0,0.028582942417097548,0.0,0.004386625118983511,0.0,0.039326380995378434,0.0,0.0,0.9031026734386663
229,T,2.070244166058945e-08,1.093350711667722e-05,3.2831486342843166e-05,0.002770682869846183,0.03345858423907134,0.0,0.0,0.0,0.0,0.0,0.9637269471951813
230,G,0.00011011007440113568,2.0360786763123e-05,0.0013474817220995336,0.0,0.0,0.0003294923191627737,0.03470789904036422,0.0,0.0,0.0,0.9634846560572092
231,G,4.678245459890837e-12,0.00010363331859508367,0.00013244072175557043,0.0,0.0,0.0026799526223531575,0.03940837787011449,0.0,0.0,0.0,0.9576755954625034
232,G,8.953932111203764e-06,0.0012426109016366639,0.0005490985887715859,0.0,0.0,0.0019345888832347884,0.04177646822240676,0.0,0.0,0.0,0.9544882794718391
233,A,1.8520186292461388e-11,0.0,0.01777298786210256,0.006279882358589401,0.0,0.011919994101108815,0.0,0.0,0.08287871506214556,0.0,0.8811484205975335
234,T,0.0,7.76388902487452e-47,9.791986150818413e-88,2.5366941532637985e-83,0.008915658295339824,0.0,0.0,0.0,0.0,0.0,0.9910843417046601
235,T,2.811146639889363e-144,3.0139269474568875e-21,3.61796546783124e-43,1.032092149131068e-09,0.019718062097515875,0.0,0.0,0.0,0.0,0.0,0.9802819368703919
236,G,2.043446737814538e-09,0.00017366985017120827,0.00044781027676614574,0.0,0.0,0.0006477483057399146,0.0381838663455992,0.0,0.0,0.0,0.9605469031782766
237,A,0.000410317731763226,0.0,0.000731494759411869,8.361856555152812e-05,0.0,0.0027408164727331023,0.0,0.0,0.04305143389445201,0.0,0.9529823185760883
238,C,7.106303686496137e-10,0.0007664793145329873,0.0,0.00025088929139252823,0.0,0.0011204839637902445,0.0,0.039019243039788584,0.0,0.0,0.9588429036798652
239,T,1.7324341605388374e-15,4.21531779793304e-05,4.981726933598828e-06,2.6069196513756247e-09,0.0320507197896297,0.0,0.0,0.0,0.0,0.0,0.967902142698536
240,T,3.048417181841275e-11,0.00032670758774985717,1.2721644546558017e-05,0.0001890171658821701,0.05186159470135163,0.0,0.0,0.0,0.0,0.0,0.9476099588699857
241,T,0.0,8.866788517004941e-32,1.818595273852616e-33,7.62427000318139e-80,0.030955778845239423,0.0,0.0,0.0,0.0,0.0,0.9690442211547606
242,G,8.166567808426028e-07,5.045334847378448e-05,0.00032497256819303893,0.0,0.0,0.00043291859881309754,0.03719578345109692,0.0,0.0,0.0,0.9619950553766423
243,T,9.780537195698366e-05,0.00022144308863980588,0.0006945274131378481,0.0002355973996048148,0.03954372435664721,0.0,0.0,0.0,0.0,0.0,0.9592069023700132
244,T,0.0005048817284510779,6.8762842710522085e-06,0.0001377235199126608,0.000959974920501746,0.029570553014072524,0.0,0.0,0.0,0.0,0.0,0.968819990532791
245,T,5.307226782248522e-39,2.0683230003759087e-06,0.0004711508444494289,0.0016849586297051182,0.042454270274726646,0.0,0.0,0.0,0.0,0.0,0.9553875519281184
246,A,2.0656384029555745e-08,0.0,0.0033767149108975165,0.020738053014235314,0.0,0.003275068506876308,0.0,0.0,0.08727633849195211,0.0,0.8853338044196547
247,G,9.902978279846326e-30,0.009022178616951745,5.140274979425153e-28,0.0,0.0,0.000368897784062258,0.07942666208121148,0.0,0.0,0.0,0.9111822615177745
248,T,2.5499737083069723e-24,1.1448494999607335e-07,6.527482399638531e-05,0.0006262396116620089,0.03618290806585535,0.0,0.0,0.0,0.0,0.0,0.9631254630135363
249,C,2.1257474397559206e-13,8.967971477210283e-05,0.0,0.0003848666376820831,0.0,0.0014598836381881893,0.0,0.04461422046912308,0.0,0.0,0.953451349540022
250,C,2.923144352830039e-06,0.000652020164992782,0.0,0.000766295486335838,0.0,0.00014200473555789505,0.0,0.041421277427656944,0.0,0.0,0.9570154790411038
251,T,0.00023255511303606666,0.0010753505736536722,0.00033323198459769636,1.2083829793446177e-05,0.04824380312099961,0.0,0.0,0.0,0.0,0.0,0.9501029753779195
252,T,4.927868736657171e-13,7.2887806958661026e-06,1.2903008596213128e-08,2.034141030618751e-07,0.04018001890987155,0.0,0.0,0.0,0.0,0.0,0.9598124759918282
253,T,7.986379188476075e-11,3.724703097093757e-06,0.00013485473951312568,0.00024028952726966662,0.04792713857249339,0.0,0.0,0.0,0.0,0.0,0.9516939923777629
254,G,1.741438430322481e-06,0.000650278481079395,0.0005531089599552798,0.0,0.0,0.0006036063764723086,0.03944974768113065,0.0,0.0,0.0,0.9587415170629319
255,G,1.7016235947740453e-128,2.0380398982321756e-13,1.2558428377482483e-12,0.0,0.0,3.7139317525664924e-11,0.06170686202732892,0.0,0.0,0.0,0.9382931379340722
256,A,9.124003283322395e-07,0.0,0.0007873329981938677,0.00027878391545409985,0.0,0.001681349035778141,0.0,0.0,0.03342704795702382,0.0,0.9638245736932217
257,A,8.713923780656499e-05,0.0,0.001956419549035237,0.0003527637098903366,0.0,0.00020394899288543597,0.0,0.0,0.040244478033803335,0.0,0.9571552504765791
258,C,0.00048729411541610846,0.0008850239910344412,0.0,0.0003731944976786331,0.0,0.0019312512067865208,0.0,0.037235382116470324,0.0,0.0,0.9590878540726139
259,G,8.497698381307304e-41,0.005390149066683051,0.0016499972637534187,0.0,0.0,2.838986960853145e-10,0.012259707867627836,0.0,0.0,0.0,0.9807001455180371
260,T,3.225192052417776e-223,4.2213789775856827e-14,6.237155112791898e-58,1.7905370369015586e-25,0.04068498850115272,0.0,0.0,0.0,0.0,0.0,0.959315011498805
261,G,5.866904102849947e-38,1.1962948944035635e-07,2.4273594681543967e-10,0.0,0.0,4.8705884788040514e-12,0.13986232139123567,0.0,0.0,0.0,0.8601375587316684
262,A,6.397493880014059e-07,0.0,0.0011500382934088024,0.00035024095987207736,0.0,0.0015160929594990643,0.0,0.0,0.05106628959735879,0.0,0.9459166984404732
263,T,5.552370571381072e-05,0.0011782392057744866,0.00023089758606838518,4.20438665834555e-05,0.04312145682269813,0.0,0.0,0.0,0.0,0.0,0.9553718388131617
264,T,4.1148626023621706e-09,1.9855320232618236e-09,0.00023970944320228388,6.92570883115572e-05,0.04031008862290704,0.0,0.0,0.0,0.0,0.0,0.9593809387451844
265,C,2.1641960411755305e-06,0.0010184427835847496,0.0,0.0028962905060136816,0.0,0.0013940080053113566,0.0,0.03514695514855049,0.0,0.0,0.9595421393604986
266,C,2.1687862860598942e-13,2.2776828445753445e-05,0.0,0.00016531906893012084,0.0,0.0005400382664496051,0.0,0.043673783124002295,0.0,0.0,0.9555980827119553
267,C,5.4554323617127675e-06,0.002115444960965368,0.0,0.0003726625675617472,0.0,0.0010218314458230538,0.0,0.0373619340563072,0.0,0.0,0.9591226715369808
268,G,7.264630203377321e-13,0.000982241644628168,0.00014179480764742424,0.0,0.0,0.0007017108875647668,0.03554603616134323,0.0,0.0,0.0,0.9626282164980898
269,T,4.158927140486175e-06,0.0005313998177742403,3.7158271679465585e-05,0.00021287807348824436,0.0437628591137301,0.0,0.0,0.0,0.0,0.0,0.9554515457961874
270,C,1.467786487514136e-10,0.00025744027932471543,0.0,0.013507231947028561,0.0,0.06512351568130922,0.0,0.03346060229047276,0.0,0.0,0.8876512096550861
271,A,1.66204031064212e-05,0.0,0.07222012261083176,0.00015511262411770644,0.0,0.009362439344200457,0.0,0.0,0.05979456474182928,0.0,0.8584511402759144
272,C,0.00022781793327777204,0.0007471395467675478,0.0,0.00023893765641332153,0.0,0.0006764463768984724,0.0,0.043634126233269434,0.0,0.0,0.9544755322533734
273,C,3.3856441217417815e-05,0.0005123284309448853,0.0,0.0012585499245642035,0.0,0.00011545689885504843,0.0,0.03742826151827486,0.0,0.0,0.9606515467861436
274,A,8.329070056902537e-05,0.0,0.007467245770430514,0.033721819967498984,0.0,0.012488028504927222,0.0,0.0,0.013122975677220395,0.0,0.9331166393793539
275,G,2.2249986059472876e-06,0.00046931291791839407,0.00021738829647737339,0.0,0.0,0.0003112583282808389,0.03518604732278066,0.0,0.0,0.0,0.9638137681359368
276,T,1.484304158180035e-26,2.319822903192466e-05,6.837737202135548e-05,6.081749733151609e-06,0.0429260817655831,0.0,0.0,0.0,0.0,0.0,0.9569762608836305
277,T,7.32774579435703e-16,2.5724171909450347e-06,1.3751588332422126e-07,9.142445711106867e-06,0.04037311172753763,0.0,0.0,0.0,0.0,0.0,0.9596150358936762
278,G,5.291013938882715e-07,0.00023703160380985448,0.001110057801357806,0.0,0.0,5.853290834852284e-05,0.030845998775178282,0.0,0.0,0.0,0.9677478498099116
279,C,0.0003573567885323446,0.005777038844735983,0.0,0.0005750465068417082,0.0,0.005988700717376658,0.0,0.02819600042200344,0.0,0.0,0.9591058567205099
280,T,1.130902795728954e-177,1.4756893627624843e-05,1.0413669361752424e-60,5.711711841029446e-69,0.011110548226045548,0.0,0.0,0.0,0.0,0.0,0.9888746948803269
