Sample,,long1,long2
Relationship,,Mutated,Mutated
Position,Base,,
294,A,0.015569,0.042559
295,A,0.032811,0.152929
296,A,0.021931,0.043598
297,C,0.003291,0.014228
305,C,0.003646,0.003697
311,A,0.019622,0.093176
312,A,0.023758,0.080778
316,C,0.006775,0.008905
319,C,0.008796,0.034929
320,C,0.010397,0.042459
321,C,0.013396,0.035411
324,C,0.009128,0.030054
327,A,0.027114,0.072819
328,C,0.037267,0.123916
329,A,0.017668,0.107487
330,C,0.016336,0.077531
331,C,0.003935,0.020981
335,C,0.010418,0.048669
338,C,0.010813,0.024404
339,A,0.015059,0.028142
340,C,0.006042,0.031755
341,A,0.019427,0.057466
344,C,0.009097,0.028485
345,A,0.020642,0.063653
346,C,0.015303,0.062838
347,A,0.008634,0.029545
348,A,0.008227,0.033894
350,C,0.007391,0.008527
351,A,0.005857,0.027357
352,C,0.00559,0.022439
355,A,0.011821,0.044184
359,C,0.011313,0.022044
364,A,0.021941,0.060301
365,C,0.007612,0.033548
366,A,0.02083,0.063045
370,C,0.014733,0.034099
376,A,0.011475,0.047411
378,A,0.010771,0.038587
382,A,0.017453,0.052855
384,A,0.018343,0.078676
385,A,0.020842,0.067944
388,A,0.028979,0.106985
390,A,0.009289,0.020288
391,A,0.019564,0.028365
392,A,0.009527,0.017051
397,C,0.0066,0.009071
406,C,0.034887,0.10703
407,A,0.01537,0.041918
408,A,0.011635,0.03466
409,A,0.008738,0.024375
413,C,0.002561,0.007541
414,C,0.002279,0.008532
421,C,0.005027,0.018452
422,A,0.002852,0.013804
423,A,0.019737,0.057893
424,A,0.015959,0.05403
431,C,0.001462,0.004621
432,C,0.001944,0.005456
437,C,0.004997,0.013372
438,C,0.00708,0.020467
439,A,0.013343,0.032888
